year,player_name,player_position,team,team_abv,latitude,longitude,G,AB,R,H,2B,3B,HR,RBI,BB,SO,SB,CS,AVG,OBP,SLG,OPS,league,division
2022,AJ Pollock,LF,Chicago White Sox,CWS,41.83,-87.633889,138,489,61,120,26,1,14,56,32,98,3,1,0.245,0.292,0.389,0.681,MLB,AL Central
2020,AJ Pollock,LF,Los Angeles Dodgers,LAD,34.073611,-118.24,55,196,30,54,9,0,16,34,12,45,2,2,0.276,0.314,0.566,0.88,MLB,NL West
2020,Aaron Hicks,CF,New York Yankees,NYY,40.829167,-73.926389,54,169,28,38,10,2,6,21,41,38,4,1,0.225,0.379,0.414,0.793,MLB,AL East
2021,Aaron Judge,RF,New York Yankees,NYY,40.829167,-73.926389,148,550,89,158,24,0,39,98,75,158,6,1,0.287,0.373,0.544,0.917,MLB,AL East
2022,Aaron Judge,CF,New York Yankees,NYY,40.829167,-73.926389,157,570,133,177,28,0,62,131,111,175,16,3,0.311,0.425,0.686,1.111,MLB,AL East
2020,Adalberto Mondesi,SS,Kansas City Royals,KC,39.051,-94.48,59,219,33,56,11,3,6,22,11,70,24,8,0.256,0.294,0.416,0.71,MLB,AL Central
2020,Adam Duvall,LF,Atlanta Braves,ATL,33.89,-84.468,57,190,34,45,8,0,16,33,15,54,0,0,0.237,0.301,0.532,0.833,MLB,NL East
2021,Adam Duvall,LF,Atlanta Braves,ATL,33.89,-84.468,146,513,67,117,17,2,38,113,35,174,5,0,0.228,0.281,0.491,0.772,MLB,NL East
2019,Adam Eaton,RF,Washington Nationals,WSH,38.872778,-77.0075,151,566,103,158,25,7,15,49,65,106,15,3,0.279,0.365,0.428,0.793,MLB,NL East
2022,Adam Frazier,2B,Seattle Mariners,SEA,47.591,-122.333,156,541,61,129,22,4,3,42,46,73,11,6,0.238,0.301,0.311,0.612,MLB,AL West
2020,Adam Frazier,2B,Pittsburgh Pirates,PIT,40.446944,-80.005833,58,209,22,48,7,0,7,23,17,35,1,3,0.23,0.297,0.364,0.661,MLB,NL Central
2021,Adam Frazier,2B,San Diego Padres,SD,32.7073,-117.1566,155,577,83,176,36,5,5,43,48,69,10,5,0.305,0.368,0.411,0.779,MLB,NL West
2019,Adam Frazier,2B,Pittsburgh Pirates,PIT,40.446944,-80.005833,152,554,80,154,33,7,10,50,40,75,5,5,0.278,0.336,0.417,0.753,MLB,NL Central
2019,Adam Jones,RF,Arizona Diamondbacks,AZ,33.445278,-112.066944,137,485,66,126,25,1,16,67,31,101,2,1,0.26,0.313,0.414,0.727,MLB,NL West
2021,Adolis García,CF,Texas Rangers,TEX,32.747361,-97.084167,149,581,77,141,26,2,31,90,32,194,16,5,0.243,0.286,0.454,0.74,MLB,AL West
2022,Adolis García,RF,Texas Rangers,TEX,32.747361,-97.084167,156,605,88,151,34,5,27,101,40,183,25,6,0.25,0.3,0.456,0.756,MLB,AL West
2019,Albert Pujols,1B,Los Angeles Angles,LAA,33.800278,-117.882778,131,491,55,120,22,0,23,93,43,68,3,0,0.244,0.305,0.43,0.735,MLB,AL West
2022,Alec Bohm,3B,Philadelphia Phillies,PHI,39.905833,-75.166389,152,586,79,164,24,3,13,72,31,110,2,3,0.28,0.315,0.398,0.713,MLB,NL East
2022,Alejandro Kirk,CF,Toronto Blue Jays,TOR,43.641389,-79.389167,139,470,59,134,19,0,14,63,63,58,0,0,0.285,0.372,0.415,0.787,MLB,AL East
2022,Alex Bregman,3B,Houston Astros,HOU,29.756944,-95.355556,155,548,93,142,38,0,23,93,87,77,1,2,0.259,0.366,0.454,0.82,MLB,AL West
2019,Alex Bregman,3B,Houston Astros,HOU,29.756944,-95.355556,156,554,122,164,37,2,41,112,119,83,5,1,0.296,0.423,0.592,1.015,MLB,AL West
2019,Alex Gordon,LF,Kansas City Royals,KC,39.051,-94.48,150,556,77,148,31,1,13,76,51,100,5,3,0.266,0.345,0.396,0.741,MLB,AL Central
2021,Alex Verdugo,LF,Boston Red Sox,BOS,42.34625,-71.09775,146,544,88,157,32,2,13,63,51,96,6,2,0.289,0.351,0.426,0.777,MLB,AL East
2022,Alex Verdugo,LF,Boston Red Sox,BOS,42.34625,-71.09775,152,593,75,166,39,1,11,74,42,86,1,3,0.28,0.328,0.405,0.733,MLB,AL East
2020,Alex Verdugo,RF,Boston Red Sox,BOS,42.34625,-71.09775,53,201,36,62,16,0,6,15,17,45,4,0,0.308,0.367,0.478,0.845,MLB,AL East
2021,Amed Rosario,SS,Cleveland Guadians,CLE,41.495833,-81.685278,141,550,77,155,25,6,11,57,31,120,13,0,0.282,0.321,0.409,0.73,MLB,AL Central
2019,Amed Rosario,SS,New York Mets,NYM,40.756944,-73.845833,157,616,75,177,30,7,15,72,31,124,19,10,0.287,0.323,0.432,0.755,MLB,NL East
2022,Amed Rosario,SS,Cleveland Guadians,CLE,41.495833,-81.685278,153,637,86,180,26,9,11,71,25,111,18,4,0.283,0.312,0.403,0.715,MLB,AL Central
2022,Andre Gimenez,2B,Cleveland Guadians,CLE,41.495833,-81.685278,146,491,66,146,26,3,17,69,34,112,20,3,0.297,0.371,0.466,0.837,MLB,AL Central
2019,Andrew Benintendi,LF,Boston Red Sox,BOS,42.34625,-71.09775,138,541,72,144,40,5,13,68,59,140,10,3,0.266,0.343,0.431,0.774,MLB,AL East
2022,Andrew Benintendi,LF,New York Yankees,NYY,40.829167,-73.926389,126,461,54,140,23,3,5,51,52,77,8,3,0.304,0.373,0.399,0.772,MLB,AL East
2021,Andrew Benintendi,LF,Kansas City Royals,KC,39.051,-94.48,134,493,63,136,27,2,17,73,36,97,8,9,0.276,0.324,0.442,0.766,MLB,AL Central
2021,Andrew McCutchen,LF,Philadelphia Phillies,PHI,39.905833,-75.166389,144,482,78,107,24,1,27,80,81,132,6,1,0.222,0.334,0.444,0.778,MLB,NL East
2020,Andrew McCutchen,LF,Philadelphia Phillies,PHI,39.905833,-75.166389,57,217,32,55,9,0,10,34,22,48,4,0,0.253,0.324,0.433,0.757,MLB,NL East
2022,Andrew McCutchen     ,DH,Milwaukee Brewers,MIL,43.028333,-87.971111,134,515,66,122,25,0,17,69,57,124,8,6,0.237,0.316,0.384,0.7,MLB,NL Central
2022,Andrew Vaughn,RF,Chicago White Sox,CWS,41.83,-87.633889,134,510,60,138,28,1,17,76,31,96,0,0,0.271,0.321,0.429,0.75,MLB,AL Central
2020,Anthony Rendon,3B,Los Angeles Angles,LAA,33.800278,-117.882778,52,189,29,54,11,1,9,31,38,31,0,0,0.286,0.418,0.497,0.915,MLB,AL West
2019,Anthony Rendon,3B,Washington Nationals,WSH,38.872778,-77.0075,146,545,117,174,44,3,34,126,80,86,5,1,0.319,0.412,0.598,1.01,MLB,NL East
2019,Anthony Rizzo,1B,Chicago Cubs,CHC,41.948056,-87.655556,146,512,89,150,29,3,27,94,71,86,5,2,0.293,0.405,0.52,0.925,MLB,NL Central
2020,Anthony Rizzo,1B,Chicago Cubs,CHC,41.948056,-87.655556,58,203,26,45,6,0,11,24,28,38,3,1,0.222,0.342,0.414,0.756,MLB,NL Central
2022,Anthony Rizzo,1B,New York Yankees,NYY,40.829167,-73.926389,130,465,77,104,21,1,32,75,58,101,6,5,0.224,0.338,0.48,0.818,MLB,AL East
2021,Anthony Rizzo,1B,New York Yankees,NYY,40.829167,-73.926389,141,496,73,123,23,3,22,61,52,87,6,2,0.248,0.344,0.44,0.784,MLB,AL East
2022,Anthony Santander,RF,Baltimore Orioles,BAL,39.283889,-76.621667,152,574,78,138,24,0,33,89,55,122,0,2,0.24,0.318,0.455,0.773,MLB,AL East
2020,Asdrubal Cabrera,1B,Washington Nationals,WSH,38.872778,-77.0075,52,190,23,46,9,3,8,31,19,40,0,0,0.242,0.305,0.447,0.752,MLB,NL East
2019,Asdrubal Cabrera,2B,Washington Nationals,WSH,38.872778,-77.0075,131,447,69,116,25,1,18,91,57,103,4,0,0.26,0.342,0.441,0.783,MLB,NL East
2022,Austin Hays,LF,Baltimore Orioles,BAL,39.283889,-76.621667,145,535,66,134,35,2,16,60,34,114,2,4,0.25,0.306,0.413,0.719,MLB,AL East
2021,Austin Hays,LF,Baltimore Orioles,BAL,39.283889,-76.621667,131,488,73,125,26,4,22,71,28,107,4,3,0.256,0.308,0.461,0.769,MLB,AL East
2021,Austin Meadows,LF,Tampa Bay Rays,TB,27.768333,-82.653333,142,518,79,121,29,3,27,106,59,122,4,3,0.234,0.315,0.458,0.773,MLB,AL East
2019,Austin Meadows,RF,Tampa Bay Rays,TB,27.768333,-82.653333,138,530,83,154,29,7,33,89,54,131,12,7,0.291,0.364,0.558,0.922,MLB,AL East
2021,Austin Riley,3B,Atlanta Braves,ATL,33.89,-84.468,160,590,91,179,33,1,33,107,52,168,0,1,0.303,0.367,0.531,0.898,MLB,NL East
2022,Austin Riley,3B,Atlanta Braves,ATL,33.89,-84.468,159,615,90,168,39,2,38,93,57,168,2,0,0.273,0.349,0.528,0.877,MLB,NL East
2020,Austin Riley,3B,Atlanta Braves,ATL,33.89,-84.468,51,188,24,45,7,1,8,27,16,49,0,0,0.239,0.301,0.415,0.716,MLB,NL East
2020,Avisail García,CF,Milwaukee Brewers,MIL,43.028333,-87.971111,53,181,20,43,10,0,2,15,20,49,1,3,0.238,0.333,0.326,0.659,MLB,NL Central
2019,Avisail García,RF,Tampa Bay Rays,TB,27.768333,-82.653333,125,489,61,138,25,2,20,72,31,125,10,4,0.282,0.332,0.464,0.796,MLB,AL East
2021,Avisail García,RF,Milwaukee Brewers,MIL,43.028333,-87.971111,135,461,68,121,18,0,29,86,38,121,8,4,0.262,0.33,0.49,0.82,MLB,NL Central
2021,Bo Bichette,SS,Toronto Blue Jays,TOR,43.641389,-79.389167,159,640,121,191,30,1,29,102,40,137,25,1,0.298,0.343,0.484,0.827,MLB,AL East
2022,Bo Bichette,SS,Toronto Blue Jays,TOR,43.641389,-79.389167,159,652,91,189,43,1,24,93,41,155,13,8,0.29,0.333,0.469,0.802,MLB,AL East
2022,Bobby Witt Jr.,SS,Kansas City Royals,KC,39.051,-94.48,150,591,82,150,31,6,20,80,30,135,30,7,0.254,0.294,0.428,0.722,MLB,AL Central
2019,Brandon Belt,1B,San Francisco Giants,SF,37.778611,-122.389167,156,526,76,123,32,3,17,57,83,127,4,3,0.234,0.339,0.403,0.742,MLB,NL West
2019,Brandon Crawford,SS,San Francisco Giants,SF,37.778611,-122.389167,147,500,58,114,24,2,11,59,53,117,3,2,0.228,0.304,0.35,0.654,MLB,NL West
2020,Brandon Crawford,SS,San Francisco Giants,SF,37.778611,-122.389167,54,172,26,44,12,0,8,28,15,47,1,2,0.256,0.326,0.465,0.791,MLB,NL West
2021,Brandon Crawford,SS,San Francisco Giants,SF,37.778611,-122.389167,138,483,79,144,30,3,24,90,56,105,11,3,0.298,0.373,0.522,0.895,MLB,NL West
2022,Brandon Drury,1B,San Diego Padres,SD,32.7073,-117.1566,138,518,87,136,31,2,28,87,38,126,2,3,0.263,0.32,0.492,0.812,MLB,NL West
2021,Brandon Lowe,2B,Tampa Bay Rays,TB,27.768333,-82.653333,149,535,97,132,31,0,39,99,68,167,7,1,0.247,0.34,0.523,0.863,MLB,AL East
2020,Brandon Lowe,2B,Tampa Bay Rays,TB,27.768333,-82.653333,56,193,36,52,9,2,14,37,25,58,3,0,0.269,0.362,0.554,0.916,MLB,AL East
2020,Brandon Nimmo,CF,New York Mets,NYM,40.756944,-73.845833,55,186,33,52,8,3,8,18,33,43,1,2,0.28,0.404,0.484,0.888,MLB,NL East
2022,Brandon Nimmo,CF,New York Mets,NYM,40.756944,-73.845833,151,580,102,159,30,7,16,64,71,116,3,2,0.274,0.367,0.433,0.8,MLB,NL East
2022,Brendan Rodgers,2B,Colorado Rockies,COL,39.756111,-104.994167,137,527,72,140,30,3,13,63,46,101,0,0,0.266,0.325,0.408,0.733,MLB,NL West
2019,Brett Gardner,CF,New York Yankees,NYY,40.829167,-73.926389,141,491,86,123,26,7,28,74,52,108,10,2,0.251,0.325,0.503,0.828,MLB,AL East
2019,Brian Anderson,3B,Miami Marlins,MIA,25.778056,-80.219722,126,459,57,120,33,1,20,66,44,114,5,1,0.261,0.342,0.468,0.81,MLB,NL East
2020,Brian Anderson,3B,Miami Marlins,MIA,25.778056,-80.219722,59,200,27,51,7,1,11,38,22,66,0,0,0.255,0.345,0.465,0.81,MLB,NL East
2019,Bryan Reynolds,LF,Pittsburgh Pirates,PIT,40.446944,-80.005833,134,491,83,154,37,4,16,68,46,121,3,2,0.314,0.377,0.503,0.88,MLB,NL Central
2022,Bryan Reynolds,CF,Pittsburgh Pirates,PIT,40.446944,-80.005833,145,542,74,142,19,4,27,62,56,141,7,3,0.262,0.345,0.461,0.806,MLB,NL Central
2021,Bryan Reynolds,CF,Pittsburgh Pirates,PIT,40.446944,-80.005833,159,559,93,169,35,8,24,90,75,119,5,2,0.302,0.39,0.522,0.912,MLB,NL Central
2020,Bryan Reynolds,LF,Pittsburgh Pirates,PIT,40.446944,-80.005833,55,185,24,35,6,2,7,19,21,57,1,1,0.189,0.275,0.357,0.632,MLB,NL Central
2021,Bryce Harper,RF,Philadelphia Phillies,PHI,39.905833,-75.166389,141,488,101,151,42,1,35,84,100,134,13,3,0.309,0.429,0.615,1.044,MLB,NL East
2020,Bryce Harper,RF,Philadelphia Phillies,PHI,39.905833,-75.166389,58,190,41,51,9,2,13,33,49,43,8,2,0.268,0.42,0.542,0.962,MLB,NL East
2019,Bryce Harper,RF,Philadelphia Phillies,PHI,39.905833,-75.166389,157,573,98,149,36,1,35,114,99,178,15,3,0.26,0.372,0.51,0.882,MLB,NL East
2021,C.J. Cron,1B,Colorado Rockies,COL,39.756111,-104.994167,142,470,70,132,31,1,28,92,60,117,1,0,0.281,0.375,0.53,0.905,MLB,NL West
2022,C.J. Cron,1B,Colorado Rockies,COL,39.756111,-104.994167,150,575,79,148,28,3,29,102,43,164,0,0,0.257,0.315,0.468,0.783,MLB,NL West
2020,Carlos Correa,SS,Houston Astros,HOU,29.756944,-95.355556,58,201,22,53,9,0,5,25,16,49,0,0,0.264,0.326,0.383,0.709,MLB,AL West
2022,Carlos Correa,SS,Minnesota Twins,MIN,44.981667,-93.278333,136,522,70,152,24,1,22,64,61,121,0,1,0.291,0.366,0.467,0.833,MLB,AL Central
2021,Carlos Correa,SS,Houston Astros,HOU,29.756944,-95.355556,148,555,104,155,34,1,26,92,75,116,0,0,0.279,0.366,0.485,0.851,MLB,AL West
2019,Carlos Santana,1B,Cleveland Guadians,CLE,41.495833,-81.685278,158,573,110,161,30,1,34,93,108,108,4,0,0.281,0.397,0.515,0.912,MLB,AL Central
2020,Carlos Santana,1B,Cleveland Guadians,CLE,41.495833,-81.685278,60,206,34,41,7,0,8,30,47,43,0,0,0.199,0.349,0.35,0.699,MLB,AL Central
2022,Carlos Santana,DH,Seattle Mariners,SEA,47.591,-122.333,131,431,52,87,18,0,19,60,71,88,0,0,0.202,0.316,0.376,0.692,MLB,AL West
2021,Carlos Santana,1B,Kansas City Royals,KC,39.051,-94.48,158,565,66,121,15,0,19,69,86,102,2,0,0.214,0.319,0.342,0.661,MLB,AL Central
2020,Cavan Biggio,2B,Toronto Blue Jays,TOR,43.641389,-79.389167,59,220,41,55,16,0,8,28,41,61,6,0,0.25,0.375,0.432,0.807,MLB,AL East
2022,Cedric Mullins,CF,Baltimore Orioles,BAL,39.283889,-76.621667,156,608,89,157,32,4,16,64,47,126,34,10,0.258,0.318,0.403,0.721,MLB,AL East
2021,Cedric Mullins,CF,Baltimore Orioles,BAL,39.283889,-76.621667,159,602,91,175,37,5,30,59,59,125,30,8,0.291,0.36,0.518,0.878,MLB,AL East
2022,Cesar Hernández,2B,Washington Nationals,WSH,38.872778,-77.0075,147,560,64,139,28,4,1,34,45,114,10,4,0.248,0.311,0.318,0.629,MLB,NL East
2019,Cesar Hernández,2B,Philadelphia Phillies,PHI,39.905833,-75.166389,161,612,77,171,31,3,14,71,45,100,9,2,0.279,0.333,0.408,0.741,MLB,NL East
2021,Cesar Hernández,2B,Chicago White Sox,CWS,41.83,-87.633889,149,570,84,132,21,2,21,62,59,135,1,1,0.232,0.308,0.386,0.694,MLB,AL Central
2020,Cesar Hernández,2B,Cleveland Guadians,CLE,41.495833,-81.685278,58,233,35,66,20,0,3,20,24,57,0,0,0.283,0.355,0.408,0.763,MLB,AL Central
2019,Charlie Blackmon,RF,Colorado Rockies,COL,39.756111,-104.994167,140,580,112,182,42,7,32,86,40,104,2,5,0.314,0.364,0.576,0.94,MLB,NL West
2022,Charlie Blackmon,DH,Colorado Rockies,COL,39.756111,-104.994167,135,530,60,140,22,6,16,78,32,109,4,1,0.264,0.314,0.419,0.733,MLB,NL West
2021,Charlie Blackmon,RF,Colorado Rockies,COL,39.756111,-104.994167,150,514,76,139,25,4,13,78,54,91,3,0,0.27,0.351,0.411,0.762,MLB,NL West
2020,Charlie Blackmon,RF,Colorado Rockies,COL,39.756111,-104.994167,59,221,31,67,12,1,6,42,19,44,2,1,0.303,0.356,0.448,0.804,MLB,NL West
2020,Chris Taylor,SS,Los Angeles Dodgers,LAD,34.073611,-118.24,56,185,30,50,10,2,8,32,26,55,3,2,0.27,0.366,0.476,0.842,MLB,NL West
2021,Chris Taylor,CF,Los Angeles Dodgers,LAD,34.073611,-118.24,148,507,92,129,25,4,20,73,63,167,13,1,0.254,0.344,0.438,0.782,MLB,NL West
2019,Christian Vázquez,C,Boston Red Sox,BOS,42.34625,-71.09775,138,482,66,133,26,1,23,72,33,101,4,2,0.276,0.32,0.477,0.797,MLB,AL East
2020,Christian Vázquez,C,Boston Red Sox,BOS,42.34625,-71.09775,47,173,22,49,9,0,7,23,16,43,4,3,0.283,0.344,0.457,0.801,MLB,AL East
2019,Christian Walker,1B,Arizona Diamondbacks,AZ,33.445278,-112.066944,152,529,86,137,26,1,29,73,67,155,8,1,0.259,0.348,0.476,0.824,MLB,NL West
2022,Christian Walker,1B,Arizona Diamondbacks,AZ,33.445278,-112.066944,160,583,84,141,25,2,36,94,69,131,2,2,0.242,0.327,0.477,0.804,MLB,NL West
2020,Christian Walker,1B,Arizona Diamondbacks,AZ,33.445278,-112.066944,57,218,35,59,18,1,7,34,19,50,1,1,0.271,0.333,0.459,0.792,MLB,NL West
2019,Christian Yelich,RF,Milwaukee Brewers,MIL,43.028333,-87.971111,130,489,100,161,29,3,44,97,80,118,30,2,0.329,0.429,0.671,1.1,MLB,NL Central
2022,Christian Yelich,LF,Milwaukee Brewers,MIL,43.028333,-87.971111,154,575,99,145,25,4,14,57,88,162,19,3,0.252,0.355,0.383,0.738,MLB,NL Central
2020,Christian Yelich,LF,Milwaukee Brewers,MIL,43.028333,-87.971111,58,200,39,41,7,1,12,22,46,76,4,2,0.205,0.356,0.43,0.786,MLB,NL Central
2022,Cody Bellinge,CF,Los Angeles Dodgers,LAD,34.073611,-118.24,144,504,70,106,27,3,19,68,38,150,14,3,0.21,0.265,0.389,0.654,MLB,NL West
2019,Cody Bellinger,RF,Los Angeles Dodgers,LAD,34.073611,-118.24,156,558,121,170,34,3,47,115,95,108,15,5,0.305,0.406,0.629,1.035,MLB,NL West
2020,Cody Bellinger,CF,Los Angeles Dodgers,LAD,34.073611,-118.24,56,213,33,51,10,0,12,30,30,42,6,1,0.239,0.333,0.455,0.788,MLB,NL West
2019,Colin Moran,3B,Pittsburgh Pirates,PIT,40.446944,-80.005833,149,466,46,129,30,1,13,80,30,117,0,1,0.277,0.322,0.429,0.751,MLB,NL Central
2020,Colin Moran,DH,Pittsburgh Pirates,PIT,40.446944,-80.005833,52,178,28,44,10,0,10,23,19,52,0,0,0.247,0.325,0.472,0.797,MLB,NL Central
2020,Corey Dickerson,LF,Miami Marlins,MIA,25.778056,-80.219722,52,194,25,50,5,1,7,17,15,35,1,1,0.258,0.311,0.402,0.713,MLB,NL East
2020,Corey Seager,SS,Los Angeles Dodgers,LAD,34.073611,-118.24,52,212,38,65,12,1,15,41,17,37,1,0,0.307,0.358,0.585,0.943,MLB,NL West
2019,Corey Seager,SS,Los Angeles Dodgers,LAD,34.073611,-118.24,134,489,82,133,44,1,19,87,44,98,1,0,0.272,0.335,0.483,0.818,MLB,NL West
2022,Corey Seager,SS,Texas Rangers,TEX,32.747361,-97.084167,151,593,91,145,24,1,33,83,58,103,3,0,0.245,0.317,0.455,0.772,MLB,AL West
2022,DJ LeMahieu,3B,New York Yankees,NYY,40.829167,-73.926389,125,467,74,122,18,0,12,46,67,71,4,3,0.261,0.357,0.377,0.734,MLB,AL East
2021,DJ LeMahieu,2B,New York Yankees,NYY,40.829167,-73.926389,150,597,84,160,24,1,10,57,73,94,4,2,0.268,0.349,0.362,0.711,MLB,AL East
2019,DJ LeMahieu,2B,New York Yankees,NYY,40.829167,-73.926389,145,602,109,197,33,2,26,102,46,90,5,2,0.327,0.375,0.518,0.893,MLB,AL East
2020,DJ LeMahieu,2B,New York Yankees,NYY,40.829167,-73.926389,50,195,41,71,10,2,10,27,18,21,3,0,0.364,0.421,0.59,1.011,MLB,AL East
2019,Daniel Vogelbach,DH,Seattle Mariners,SEA,47.591,-122.333,144,462,73,96,17,0,30,76,92,149,0,0,0.208,0.341,0.439,0.78,MLB,AL West
2019,Danny Santana,1B,Texas Rangers,TEX,32.747361,-97.084167,130,474,81,134,23,6,28,81,25,151,21,6,0.283,0.324,0.534,0.858,MLB,AL West
2021,Dansby Swanson,SS,Atlanta Braves,ATL,33.89,-84.468,160,588,78,146,33,2,27,88,52,167,9,3,0.248,0.311,0.449,0.76,MLB,NL East
2020,Dansby Swanson,SS,Atlanta Braves,ATL,33.89,-84.468,60,237,49,65,15,0,10,35,22,71,5,0,0.274,0.345,0.464,0.809,MLB,NL East
2022,Dansby Swanson,SS,Atlanta Braves,ATL,33.89,-84.468,162,640,99,177,32,1,25,96,49,182,18,7,0.277,0.329,0.447,0.776,MLB,NL East
2019,Dansby Swanson,SS,Atlanta Braves,ATL,33.89,-84.468,127,483,77,121,26,3,17,65,51,124,10,5,0.251,0.325,0.422,0.747,MLB,NL East
2022,Daulton Varsho,RF,Arizona Diamondbacks,AZ,33.445278,-112.066944,151,531,79,125,23,3,27,74,46,145,16,6,0.235,0.302,0.443,0.745,MLB,NL West
2019,David Fletcher,3B,Los Angeles Angles,LAA,33.800278,-117.882778,154,596,83,173,30,4,6,49,55,64,8,3,0.29,0.35,0.384,0.734,MLB,AL West
2020,David Fletcher,SS,Los Angeles Angles,LAA,33.800278,-117.882778,49,207,31,66,13,0,3,18,20,25,2,1,0.319,0.376,0.425,0.801,MLB,AL West
2021,David Fletcher,2B,Los Angeles Angles,LAA,33.800278,-117.882778,157,626,74,164,27,3,2,47,31,60,15,3,0.262,0.297,0.324,0.621,MLB,AL West
2021,David Peralta,LF,Arizona Diamondbacks,AZ,33.445278,-112.066944,150,487,57,126,30,8,8,63,46,92,2,1,0.259,0.325,0.402,0.727,MLB,NL West
2020,David Peralta,LF,Arizona Diamondbacks,AZ,33.445278,-112.066944,54,203,19,61,10,1,5,34,13,45,1,0,0.3,0.339,0.433,0.772,MLB,NL West
2019,Dexter Fowler,RF,St. Louis Cardinals,STL,38.6225,-90.193056,150,487,69,116,24,1,19,67,74,142,8,5,0.238,0.346,0.409,0.755,MLB,NL Central
2020,Didi Gregorius,SS,Philadelphia Phillies,PHI,39.905833,-75.166389,60,215,34,61,10,2,10,40,15,28,3,2,0.284,0.339,0.488,0.827,MLB,NL East
2019,Domingo Santana,LF,Seattle Mariners,SEA,47.591,-122.333,121,451,63,114,20,1,21,69,50,164,8,3,0.253,0.329,0.441,0.77,MLB,AL West
2020,DominicDo Smith,1B,New York Mets,NYM,40.756944,-73.845833,50,177,27,56,21,1,10,42,14,45,0,0,0.316,0.377,0.616,0.993,MLB,NL East
2020,Donovan Solano,2B,San Francisco Giants,SF,37.778611,-122.389167,54,190,22,62,15,1,3,29,10,39,0,0,0.326,0.365,0.463,0.828,MLB,NL West
2021,Dylan Carlson,RF,St. Louis Cardinals,STL,38.6225,-90.193056,149,542,79,144,31,4,18,65,57,152,2,1,0.266,0.343,0.437,0.78,MLB,NL Central
2019,Eddie Rosario,LF,Minnesota Twins,MIN,44.981667,-93.278333,137,562,91,155,28,1,32,109,22,86,3,1,0.276,0.3,0.5,0.8,MLB,AL Central
2020,Eddie Rosario,LF,Minnesota Twins,MIN,44.981667,-93.278333,57,210,31,54,7,0,13,42,19,34,3,1,0.257,0.316,0.476,0.792,MLB,AL Central
2022,Eduardo Escobar,3B,New York Mets,NYM,40.756944,-73.845833,136,495,58,119,26,4,20,69,40,129,0,2,0.24,0.295,0.43,0.725,MLB,NL East
2021,Eduardo Escobar,3B,Milwaukee Brewers,MIL,43.028333,-87.971111,146,549,77,139,26,5,28,90,48,124,1,0,0.253,0.314,0.472,0.786,MLB,NL Central
2019,Eduardo Escobar,3B,Arizona Diamondbacks,AZ,33.445278,-112.066944,158,636,94,171,29,10,35,118,50,130,5,1,0.269,0.32,0.511,0.831,MLB,NL West
2020,Eduardo Escobar,3B,Arizona Diamondbacks,AZ,33.445278,-112.066944,54,203,22,43,7,3,4,20,15,41,1,0,0.212,0.27,0.335,0.605,MLB,NL West
2019,Eloy Jiménez,LF,Chicago White Sox,CWS,41.83,-87.633889,122,468,69,125,18,2,31,79,30,134,0,0,0.267,0.315,0.513,0.828,MLB,AL Central
2020,Eloy Jiménez,LF,Chicago White Sox,CWS,41.83,-87.633889,55,213,26,63,14,0,14,41,12,56,0,0,0.296,0.332,0.559,0.891,MLB,AL Central
2019,Elvis Andrus,SS,Texas Rangers,TEX,32.747361,-97.084167,147,600,81,165,27,4,12,72,34,96,31,8,0.275,0.313,0.393,0.706,MLB,AL West
2022,Elvis Andrus,SS,Chicago White Sox,CWS,41.83,-87.633889,149,535,66,133,32,0,17,58,39,92,18,4,0.249,0.303,0.404,0.707,MLB,AL Central
2021,Elvis Andrus,SS,Oakland Athletics,OAK,37.751667,-122.200556,146,497,60,121,25,2,3,37,31,81,12,2,0.243,0.294,0.32,0.614,MLB,AL West
2021,Enrique Hernández,CF,Boston Red Sox,BOS,42.34625,-71.09775,134,508,84,127,35,3,20,60,61,110,1,0,0.25,0.337,0.449,0.786,MLB,AL East
2019,Eric Hosmer,1B,San Diego Padres,SD,32.7073,-117.1566,160,619,72,164,29,2,22,99,40,163,0,3,0.265,0.31,0.425,0.735,MLB,NL West
2021,Eric Hosmer,1B,San Diego Padres,SD,32.7073,-117.1566,151,509,53,137,28,0,12,65,48,99,5,4,0.269,0.337,0.395,0.732,MLB,NL West
2020,Erik González,SS,Pittsburgh Pirates,PIT,40.446944,-80.005833,50,181,14,41,13,1,3,20,8,51,2,3,0.227,0.255,0.359,0.614,MLB,NL Central
2020,Eugenio Suárez,3B,Cincinnati Reds,CIN,39.0975,-84.506667,57,198,29,40,8,0,15,38,30,67,2,0,0.202,0.312,0.47,0.782,MLB,NL Central
2021,Eugenio Suárez,3B,Cincinnati Reds,CIN,39.0975,-84.506667,145,505,71,100,23,0,31,79,56,171,0,1,0.198,0.286,0.428,0.714,MLB,NL Central
2019,Eugenio Suárez,3B,Cincinnati Reds,CIN,39.0975,-84.506667,159,575,87,156,22,2,49,103,70,189,3,2,0.271,0.358,0.572,0.93,MLB,NL Central
2022,Eugenio Suárez,3B,Seattle Mariners,SEA,47.591,-122.333,150,543,76,128,24,2,31,87,73,196,0,0,0.236,0.332,0.459,0.791,MLB,AL West
2019,Evan Longoria,3B,San Francisco Giants,SF,37.778611,-122.389167,129,453,59,115,19,2,20,69,43,112,3,1,0.254,0.325,0.437,0.762,MLB,NL West
2020,Evan Longoria,3B,San Francisco Giants,SF,37.778611,-122.389167,53,193,26,49,10,1,7,28,11,39,0,1,0.254,0.297,0.425,0.722,MLB,NL West
2020,Evan White,1B,Seattle Mariners,SEA,47.591,-122.333,54,182,19,32,7,0,8,26,18,84,1,2,0.176,0.252,0.346,0.598,MLB,AL West
2021,Fernando Tatis Jr.,SS,San Diego Padres,SD,32.7073,-117.1566,130,478,99,135,31,0,42,97,62,153,25,4,0.282,0.364,0.611,0.975,MLB,NL West
2020,Fernando Tatis Jr.,SS,San Diego Padres,SD,32.7073,-117.1566,59,224,50,62,11,2,17,45,27,61,11,3,0.277,0.366,0.571,0.937,MLB,NL West
2020,Francisco Lindor,SS,Cleveland Guadians,CLE,41.495833,-81.685278,60,236,30,61,13,0,8,27,24,41,6,2,0.258,0.335,0.415,0.75,MLB,AL Central
2022,Francisco Lindor,SS,New York Mets,NYM,40.756944,-73.845833,161,630,98,170,25,5,26,107,59,133,16,6,0.27,0.339,0.449,0.788,MLB,NL East
2019,Francisco Lindor,SS,Cleveland Guadians,CLE,41.495833,-81.685278,143,598,101,170,40,2,32,74,46,98,22,5,0.284,0.335,0.518,0.853,MLB,AL Central
2021,Francisco Lindor,SS,New York Mets,NYM,40.756944,-73.845833,125,452,73,104,16,3,20,63,58,96,10,4,0.23,0.322,0.412,0.734,MLB,NL East
2020,Franmil Reyes,DH,Cleveland Guadians,CLE,41.495833,-81.685278,59,211,27,58,10,0,9,34,24,69,0,0,0.275,0.344,0.45,0.794,MLB,AL Central
2019,Franmil Reyes,DH,Cleveland Guadians,CLE,41.495833,-81.685278,150,494,69,123,19,0,37,81,47,156,0,0,0.249,0.31,0.512,0.822,MLB,AL Central
2021,Freddie Freeman,1B,Atlanta Braves,ATL,33.89,-84.468,159,600,120,180,25,2,31,83,85,107,8,3,0.3,0.393,0.503,0.896,MLB,NL East
2020,Freddie Freeman,1B,Atlanta Braves,ATL,33.89,-84.468,60,214,51,73,23,1,13,53,45,37,2,0,0.341,0.462,0.64,1.102,MLB,NL East
2022,Freddie Freeman,1B,Los Angeles Dodgers,LAD,34.073611,-118.24,159,612,117,199,47,2,21,100,84,102,13,3,0.325,0.407,0.511,0.918,MLB,NL West
2019,Freddie Freeman,1B,Atlanta Braves,ATL,33.89,-84.468,158,597,113,176,34,2,38,121,87,127,6,3,0.295,0.389,0.549,0.938,MLB,NL East
2019,Freddy Galvis,2B,Cincinnati Reds,CIN,39.0975,-84.506667,147,557,67,145,28,1,23,70,28,145,4,2,0.26,0.296,0.438,0.734,MLB,NL Central
2022,George Springer,CF,Toronto Blue Jays,TOR,43.641389,-79.389167,133,513,89,137,22,4,25,76,54,100,14,2,0.267,0.342,0.472,0.814,MLB,AL East
2020,George Springer,CF,Houston Astros,HOU,29.756944,-95.355556,51,189,37,50,6,2,14,32,24,38,1,2,0.265,0.359,0.54,0.899,MLB,AL West
2019,George Springer,CF,Houston Astros,HOU,29.756944,-95.355556,122,479,96,140,20,3,39,96,67,113,6,2,0.292,0.383,0.591,0.974,MLB,AL West
2021,Giancarlo Stanton,DH,New York Yankees,NYY,40.829167,-73.926389,139,510,64,139,19,0,35,97,63,157,0,0,0.273,0.354,0.516,0.87,MLB,AL East
2022,Gio Urshela,3B,Minnesota Twins,MIN,44.981667,-93.278333,144,501,61,143,27,3,13,64,41,96,1,0,0.285,0.338,0.429,0.767,MLB,AL Central
2019,Gleyber Torres,SS,New York Yankees,NYY,40.829167,-73.926389,144,546,96,152,26,0,38,90,48,129,5,2,0.278,0.337,0.535,0.872,MLB,AL East
2022,Gleyber Torres,2B,New York Yankees,NYY,40.829167,-73.926389,140,526,73,135,28,1,24,76,39,129,10,5,0.257,0.31,0.451,0.761,MLB,AL East
2021,Gleyber Torres,SS,New York Yankees,NYY,40.829167,-73.926389,127,459,50,119,22,0,9,51,50,104,14,6,0.259,0.331,0.366,0.697,MLB,AL East
2022,Ha-Seong Kim,SS,San Diego Padres,SD,32.7073,-117.1566,150,517,58,130,29,3,11,59,51,100,12,2,0.251,0.325,0.383,0.708,MLB,NL West
2019,Hanser Alberto,2B,Baltimore Orioles,BAL,39.283889,-76.621667,139,524,62,160,21,2,12,51,16,50,4,4,0.305,0.329,0.422,0.751,MLB,AL East
2020,Hanser Alberto,2B,Baltimore Orioles,BAL,39.283889,-76.621667,54,219,35,62,15,0,3,22,5,30,3,0,0.283,0.306,0.393,0.699,MLB,AL East
2021,Hunter Dozier,RF,Kansas City Royals,KC,39.051,-94.48,144,487,55,105,27,6,16,54,43,154,5,4,0.216,0.285,0.394,0.679,MLB,AL Central
2020,Hunter Dozier,1B,Kansas City Royals,KC,39.051,-94.48,44,158,29,36,4,2,6,12,27,48,4,0,0.228,0.344,0.392,0.736,MLB,AL Central
2019,Hunter Dozier,3B,Kansas City Royals,KC,39.051,-94.48,139,523,75,146,29,10,26,84,55,148,2,2,0.279,0.348,0.522,0.87,MLB,AL Central
2022,Hunter Renfroe,RF,Milwaukee Brewers,MIL,43.028333,-87.971111,125,474,62,121,23,1,29,72,39,121,1,1,0.255,0.315,0.492,0.807,MLB,NL Central
2021,Hunter Renfroe,RF,Boston Red Sox,BOS,42.34625,-71.09775,144,521,89,135,33,0,31,96,44,130,1,2,0.259,0.315,0.501,0.816,MLB,AL East
2021,Ian Happ,LF,Chicago Cubs,CHC,41.948056,-87.655556,148,465,63,105,20,1,25,66,62,156,9,2,0.226,0.323,0.434,0.757,MLB,NL Central
2022,Ian Happ,LF,Chicago Cubs,CHC,41.948056,-87.655556,158,573,72,155,42,2,17,72,58,149,9,4,0.271,0.342,0.44,0.782,MLB,NL Central
2020,Ian Happ,CF,Chicago Cubs,CHC,41.948056,-87.655556,57,198,27,51,11,1,12,28,30,63,1,3,0.258,0.361,0.505,0.866,MLB,NL Central
2021,Isiah Kiner-Falefa,SS,Texas Rangers,TEX,32.747361,-97.084167,158,635,74,172,25,3,8,53,28,90,20,5,0.271,0.312,0.357,0.669,MLB,AL West
2022,Isiah Kiner-Falefa,SS,New York Yankees,NYY,40.829167,-73.926389,142,483,66,126,20,0,4,48,35,72,22,4,0.261,0.314,0.327,0.641,MLB,AL East
2020,Isiah Kiner-Falefa,3B,Texas Rangers,TEX,32.747361,-97.084167,58,211,28,59,4,3,3,10,14,32,8,5,0.28,0.329,0.37,0.699,MLB,AL West
2020,J.D. Davis,3B,New York Mets,NYM,40.756944,-73.845833,56,190,26,47,9,0,6,19,31,56,0,0,0.247,0.371,0.389,0.76,MLB,NL East
2020,J.D. Martinez,DH,Boston Red Sox,BOS,42.34625,-71.09775,54,211,22,45,16,0,7,27,22,59,1,0,0.213,0.291,0.389,0.68,MLB,AL East
2021,J.D. Martinez,DH,Boston Red Sox,BOS,42.34625,-71.09775,148,570,92,163,42,3,28,99,55,150,0,0,0.286,0.349,0.518,0.867,MLB,AL East
2019,J.D. Martinez,DH,Boston Red Sox,BOS,42.34625,-71.09775,146,575,98,175,33,2,36,105,72,138,2,0,0.304,0.383,0.557,0.94,MLB,AL East
2022,J.D. Martinez,DH,Boston Red Sox,BOS,42.34625,-71.09775,139,533,76,146,43,1,16,62,52,145,0,0,0.274,0.341,0.448,0.789,MLB,AL East
2021,J.P. Crawford,SS,Seattle Mariners,SEA,47.591,-122.333,160,619,89,169,37,0,9,54,58,114,3,6,0.273,0.338,0.376,0.714,MLB,AL West
2022,J.P. Crawford,SS,Seattle Mariners,SEA,47.591,-122.333,145,518,57,126,24,3,6,42,68,80,3,2,0.243,0.339,0.336,0.675,MLB,AL West
2020,J.P. Crawford,SS,Seattle Mariners,SEA,47.591,-122.333,53,204,33,52,7,2,2,24,23,39,6,3,0.255,0.336,0.338,0.674,MLB,AL West
2022,J.T. Realmuto,CF,Philadelphia Phillies,PHI,39.905833,-75.166389,139,504,75,139,26,5,22,84,41,119,21,1,0.276,0.342,0.478,0.82,MLB,NL East
2020,J.T. Realmuto,C,Philadelphia Phillies,PHI,39.905833,-75.166389,47,173,33,46,6,0,11,32,16,48,4,1,0.266,0.349,0.491,0.84,MLB,NL East
2021,J.T. Realmuto,C,Philadelphia Phillies,PHI,39.905833,-75.166389,134,476,64,125,25,4,17,73,48,129,13,3,0.263,0.343,0.439,0.782,MLB,NL East
2019,J.T. Realmuto,C,Philadelphia Phillies,PHI,39.905833,-75.166389,145,538,92,148,36,3,25,83,41,123,9,1,0.275,0.328,0.493,0.821,MLB,NL East
2019,Jackie Bradley,CF,Boston Red Sox,BOS,42.34625,-71.09775,147,494,69,111,28,3,21,62,56,155,8,6,0.225,0.317,0.421,0.738,MLB,AL East
2020,Jackie Bradley,CF,Boston Red Sox,BOS,42.34625,-71.09775,55,191,32,54,11,0,7,22,23,48,5,2,0.283,0.364,0.45,0.814,MLB,AL East
2020,Jake Cronenworth,2B,San Diego Padres,SD,32.7073,-117.1566,54,172,26,49,15,3,4,20,18,30,3,1,0.285,0.354,0.477,0.831,MLB,NL West
2021,Jake Cronenworth,2B,San Diego Padres,SD,32.7073,-117.1566,152,567,94,151,33,7,21,71,55,90,4,3,0.266,0.34,0.46,0.8,MLB,NL West
2022,Jake Cronenworth,2B,San Diego Padres,SD,32.7073,-117.1566,158,587,88,140,30,4,17,88,70,131,3,0,0.239,0.332,0.39,0.722,MLB,NL West
2021,Jared Walsh,1B,Los Angeles Angles,LAA,33.800278,-117.882778,144,530,70,147,34,1,29,98,48,152,2,1,0.277,0.34,0.509,0.849,MLB,AL West
2019,Jason Heyward,RF,Chicago Cubs,CHC,41.948056,-87.655556,147,513,78,129,20,4,21,62,68,110,8,3,0.251,0.343,0.429,0.772,MLB,NL Central
2019,Jason Kipnis,2B,Cleveland Guadians,CLE,41.495833,-81.685278,121,458,52,112,23,1,17,65,40,88,7,2,0.245,0.304,0.41,0.714,MLB,AL Central
2019,Javier Báez,SS,Chicago Cubs,CHC,41.948056,-87.655556,138,531,89,149,38,4,29,85,28,156,11,7,0.281,0.316,0.531,0.847,MLB,NL Central
2020,Javier Báez,SS,Chicago Cubs,CHC,41.948056,-87.655556,59,222,27,45,9,1,8,24,7,75,3,0,0.203,0.238,0.36,0.598,MLB,NL Central
2021,Javier Báez,2B,New York Mets,NYM,40.756944,-73.845833,138,502,80,133,18,2,31,87,28,184,18,5,0.265,0.319,0.494,0.813,MLB,NL East
2022,Javier BáezBaez,SS,Detroit Tigers,DET,42.339167,-83.048611,144,555,64,132,27,4,17,67,26,147,9,2,0.238,0.278,0.393,0.671,MLB,AL Central
2021,Jazz Chisholm Jr.,2B,Miami Marlins,MIA,25.778056,-80.219722,124,464,70,115,20,4,18,53,34,145,23,8,0.248,0.303,0.425,0.728,MLB,NL East
2019,Jean Segura,SS,Philadelphia Phillies,PHI,39.905833,-75.166389,144,576,79,161,37,4,12,60,30,73,10,2,0.28,0.323,0.42,0.743,MLB,NL East
2021,Jean Segura,2B,Philadelphia Phillies,PHI,39.905833,-75.166389,131,514,76,149,27,3,14,58,39,78,9,3,0.29,0.348,0.436,0.784,MLB,NL East
2020,Jean Segura,2B,Philadelphia Phillies,PHI,39.905833,-75.166389,54,192,28,51,5,2,7,25,23,45,2,2,0.266,0.347,0.422,0.769,MLB,NL East
2021,Jed Lowrie,2B,Oakland Athletics,OAK,37.751667,-122.200556,139,457,55,112,28,0,14,69,49,108,0,0,0.245,0.318,0.398,0.716,MLB,AL West
2022,Jeff McNeil,2B,New York Mets,NYM,40.756944,-73.845833,148,533,73,174,39,1,9,62,40,61,4,0,0.326,0.382,0.454,0.836,MLB,NL East
2019,Jeff McNeil,LF,New York Mets,NYM,40.756944,-73.845833,133,510,83,162,38,1,23,75,35,75,5,6,0.318,0.384,0.531,0.915,MLB,NL East
2020,Jeff McNeil,LF,New York Mets,NYM,40.756944,-73.845833,52,183,19,57,14,0,4,23,20,24,0,2,0.311,0.383,0.454,0.837,MLB,NL East
2021,Jeimer Candelario,3B,Detroit Tigers,DET,42.339167,-83.048611,149,557,75,151,42,3,16,67,65,135,0,0,0.271,0.351,0.443,0.794,MLB,AL Central
2020,Jeimer Candelario,1B,Detroit Tigers,DET,42.339167,-83.048611,52,185,30,55,11,3,7,29,20,49,1,1,0.297,0.369,0.503,0.872,MLB,AL Central
2022,Jeremy Peña,SS,Houston Astros,HOU,29.756944,-95.355556,136,521,72,132,20,2,22,63,22,135,11,2,0.253,0.289,0.426,0.715,MLB,AL West
2022,Jesse Winker,LF,Seattle Mariners,SEA,47.591,-122.333,136,456,51,100,15,0,14,53,84,103,0,0,0.219,0.344,0.344,0.688,MLB,AL West
2020,Jesus Aguilar,1B,Miami Marlins,MIA,25.778056,-80.219722,51,188,31,52,10,0,8,34,23,40,0,1,0.277,0.352,0.457,0.809,MLB,NL East
2021,Jesus Aguilar,1B,Miami Marlins,MIA,25.778056,-80.219722,131,449,49,117,23,0,22,93,46,93,0,0,0.261,0.329,0.459,0.788,MLB,NL East
2022,Jesus Aguilar,DH,Baltimore Orioles,BAL,39.283889,-76.621667,129,464,39,109,19,0,16,51,28,119,1,0,0.235,0.281,0.379,0.66,MLB,AL East
2019,Joc Pederson,LF,Los Angeles Dodgers,LAD,34.073611,-118.24,149,450,83,112,16,3,36,74,50,111,1,1,0.249,0.339,0.538,0.877,MLB,NL West
2020,Joey Gallo,RF,Texas Rangers,TEX,32.747361,-97.084167,57,193,23,35,8,0,10,26,29,79,2,0,0.181,0.301,0.378,0.679,MLB,AL West
2021,Joey Gallo,LF,New York Yankees,NYY,40.829167,-73.926389,153,498,90,99,13,1,38,77,111,213,6,0,0.199,0.351,0.458,0.809,MLB,AL East
2021,Joey Votto,1B,Cincinnati Reds,CIN,39.0975,-84.506667,129,448,73,119,23,1,36,99,77,127,1,0,0.266,0.375,0.563,0.938,MLB,NL Central
2020,Joey Votto,1B,Cincinnati Reds,CIN,39.0975,-84.506667,54,186,32,42,8,0,11,22,37,43,0,0,0.226,0.354,0.446,0.8,MLB,NL Central
2019,Joey Votto,1B,Cincinnati Reds,CIN,39.0975,-84.506667,142,525,79,137,32,1,15,47,76,123,5,0,0.261,0.357,0.411,0.768,MLB,NL Central
2021,Jonathan India,2B,Cincinnati Reds,CIN,39.0975,-84.506667,150,532,98,143,34,2,21,69,71,141,12,3,0.269,0.376,0.459,0.835,MLB,NL Central
2022,Jonathan Schoop,2B,Detroit Tigers,DET,42.339167,-83.048611,131,481,48,97,23,1,11,38,19,107,5,0,0.202,0.239,0.322,0.561,MLB,AL Central
2021,Jonathan Schoop,1B,Detroit Tigers,DET,42.339167,-83.048611,156,623,85,173,30,1,22,84,37,133,2,0,0.278,0.32,0.435,0.755,MLB,AL Central
2021,Jonathan Villar,3B,New York Mets,NYM,40.756944,-73.845833,142,454,63,113,18,2,18,42,46,132,14,7,0.249,0.322,0.416,0.738,MLB,NL East
2020,Jonathan Villar,2B,Toronto Blue Jays,TOR,43.641389,-79.389167,52,185,13,43,5,0,2,15,19,54,16,5,0.232,0.301,0.292,0.593,MLB,AL East
2019,Jonathan Villar,2B,Baltimore Orioles,BAL,39.283889,-76.621667,162,642,111,176,33,5,24,73,61,176,40,9,0.274,0.339,0.453,0.792,MLB,AL East
2022,Jorge Mateo,SS,Baltimore Orioles,BAL,39.283889,-76.621667,150,494,63,109,25,7,13,50,27,147,35,9,0.221,0.267,0.379,0.646,MLB,AL East
2019,Jorge Polanco,SS,Minnesota Twins,MIN,44.981667,-93.278333,153,631,107,186,40,7,22,79,60,116,4,3,0.295,0.356,0.485,0.841,MLB,AL Central
2021,Jorge Polanco,2B,Minnesota Twins,MIN,44.981667,-93.278333,152,588,97,158,35,2,33,98,45,118,11,6,0.269,0.323,0.503,0.826,MLB,AL Central
2020,Jorge Polanco,SS,Minnesota Twins,MIN,44.981667,-93.278333,55,209,22,54,8,0,4,19,13,35,4,2,0.258,0.304,0.354,0.658,MLB,AL Central
2021,Jorge Soler,RF,Atlanta Braves,ATL,33.89,-84.468,149,516,74,115,27,0,27,70,67,142,0,0,0.223,0.316,0.432,0.748,MLB,NL East
2019,Jorge Soler,DH,Kansas City Royals,KC,39.051,-94.48,162,589,95,156,33,1,48,117,73,178,3,1,0.265,0.354,0.569,0.923,MLB,AL Central
2019,Jose Abreu,1B,Chicago White Sox,CWS,41.83,-87.633889,159,634,85,180,38,1,33,123,36,152,2,2,0.284,0.33,0.503,0.833,MLB,AL Central
2021,Jose Abreu,1B,Chicago White Sox,CWS,41.83,-87.633889,152,566,86,148,30,2,30,117,61,143,1,0,0.261,0.351,0.481,0.832,MLB,AL Central
2020,Jose Abreu,1B,Chicago White Sox,CWS,41.83,-87.633889,60,240,43,76,15,0,19,60,18,59,0,0,0.317,0.37,0.617,0.987,MLB,AL Central
2019,Jose Altuve,2B,Houston Astros,HOU,29.756944,-95.355556,124,500,89,149,27,3,31,74,41,82,6,5,0.298,0.353,0.55,0.903,MLB,AL West
2022,Jose Altuve,2B,Houston Astros,HOU,29.756944,-95.355556,141,527,103,158,39,0,28,57,66,87,18,1,0.3,0.387,0.533,0.92,MLB,AL West
2020,Jose Altuve,2B,Houston Astros,HOU,29.756944,-95.355556,48,192,32,42,9,0,5,18,17,39,2,3,0.219,0.286,0.344,0.63,MLB,AL West
2021,Jose Altuve,2B,Houston Astros,HOU,29.756944,-95.355556,146,601,117,167,32,1,31,83,66,91,5,3,0.278,0.35,0.489,0.839,MLB,AL West
2019,Jose Iglesias,SS,Cincinnati Reds,CIN,39.0975,-84.506667,146,504,62,145,21,3,11,59,20,70,6,6,0.288,0.318,0.407,0.725,MLB,NL Central
2021,Jose Iglesias,2B,Boston Red Sox,BOS,42.34625,-71.09775,137,483,65,131,27,2,9,48,21,75,5,2,0.271,0.309,0.391,0.7,MLB,AL East
2021,Jose Ramírez,3B,Cleveland Guadians,CLE,41.495833,-81.685278,152,552,111,147,32,5,36,103,72,87,27,4,0.266,0.355,0.538,0.893,MLB,AL Central
2019,Jose Ramírez,3B,Cleveland Guadians,CLE,41.495833,-81.685278,129,482,68,123,33,3,23,83,52,74,24,4,0.255,0.327,0.479,0.806,MLB,AL Central
2022,Jose Ramírez,3B,Cleveland Guadians,CLE,41.495833,-81.685278,157,601,90,168,44,5,29,126,69,82,20,7,0.28,0.355,0.514,0.869,MLB,AL Central
2020,Jose Ramírez,3B,Cleveland Guadians,CLE,41.495833,-81.685278,58,219,45,64,16,1,17,46,31,43,10,3,0.292,0.386,0.607,0.993,MLB,AL Central
2022,JoseJ AbreuAbreu,1B,Chicago White Sox,CWS,41.83,-87.633889,157,601,85,183,40,0,15,75,62,110,0,0,0.304,0.378,0.446,0.824,MLB,AL Central
2022,Josh Bell,DH,San Diego Padres,SD,32.7073,-117.1566,156,552,78,147,29,3,17,71,81,102,0,1,0.266,0.362,0.422,0.784,MLB,NL West
2019,Josh Bell,1B,Pittsburgh Pirates,PIT,40.446944,-80.005833,143,527,94,146,37,3,37,116,74,118,0,1,0.277,0.367,0.569,0.936,MLB,NL Central
2021,Josh Bell,1B,Washington Nationals,WSH,38.872778,-77.0075,144,498,75,130,24,1,27,88,65,101,0,0,0.261,0.347,0.476,0.823,MLB,NL East
2020,Josh Bell,1B,Pittsburgh Pirates,PIT,40.446944,-80.005833,57,195,22,44,3,0,8,22,22,59,0,0,0.226,0.305,0.364,0.669,MLB,NL Central
2019,Josh Donaldson,3B,Atlanta Braves,ATL,33.89,-84.468,155,549,96,142,33,0,37,94,100,155,4,2,0.259,0.379,0.521,0.9,MLB,NL East
2022,Josh Donaldson,3B,New York Yankees,NYY,40.829167,-73.926389,132,478,59,106,28,0,15,62,54,148,2,2,0.222,0.308,0.374,0.682,MLB,AL East
2021,Josh Donaldson,3B,Minnesota Twins,MIN,44.981667,-93.278333,135,457,73,113,26,0,26,72,74,114,0,0,0.247,0.352,0.475,0.827,MLB,AL Central
2021,Josh Harrison,2B,Oakland Athletics,OAK,37.751667,-122.200556,138,505,58,141,33,2,8,60,31,75,9,5,0.279,0.341,0.4,0.741,MLB,AL West
2020,Josh Reddick,RF,Houston Astros,HOU,29.756944,-95.355556,56,188,22,46,11,1,4,23,20,42,1,0,0.245,0.316,0.378,0.694,MLB,AL West
2019,Josh Reddick,RF,Houston Astros,HOU,29.756944,-95.355556,141,501,57,138,19,3,14,56,36,66,5,2,0.275,0.319,0.409,0.728,MLB,AL West
2021,Josh Rojas,2B,Arizona Diamondbacks,AZ,33.445278,-112.066944,139,484,69,128,32,3,11,44,58,137,9,4,0.264,0.341,0.411,0.752,MLB,NL West
2022,Josh Rojas,3B,Arizona Diamondbacks,AZ,33.445278,-112.066944,125,443,66,119,25,1,9,56,55,98,23,3,0.269,0.349,0.391,0.74,MLB,NL West
2019,Juan Soto,LF,Washington Nationals,WSH,38.872778,-77.0075,150,542,110,153,32,5,34,110,108,132,12,1,0.282,0.401,0.548,0.949,MLB,NL East
2021,Juan Soto,RF,Washington Nationals,WSH,38.872778,-77.0075,151,502,111,157,20,2,29,95,145,93,9,7,0.313,0.465,0.534,0.999,MLB,NL East
2020,Juan Soto,LF,Washington Nationals,WSH,38.872778,-77.0075,47,154,39,54,14,0,13,37,41,28,6,2,0.351,0.49,0.695,1.185,MLB,NL East
2022,Juan Soto,RF,San Diego Padres,SD,32.7073,-117.1566,153,524,93,127,25,2,27,62,135,96,6,2,0.242,0.401,0.452,0.853,MLB,NL West
2022,Julio Rodríguez,CF,Seattle Mariners,SEA,47.591,-122.333,132,511,84,145,25,3,28,75,40,145,25,7,0.284,0.345,0.509,0.854,MLB,AL West
2019,Jurickson Profar,2B,Oakland Athletics,OAK,37.751667,-122.200556,139,459,65,100,24,2,20,67,48,75,9,1,0.218,0.301,0.41,0.711,MLB,AL West
2020,Jurickson Profar,LF,San Diego Padres,SD,32.7073,-117.1566,56,180,28,50,6,0,7,25,15,28,7,1,0.278,0.343,0.428,0.771,MLB,NL West
2022,Jurickson Profar,LF,San Diego Padres,SD,32.7073,-117.1566,152,575,82,140,36,2,15,58,73,103,5,1,0.243,0.331,0.391,0.722,MLB,NL West
2019,Justin Turner,3B,Los Angeles Dodgers,LAD,34.073611,-118.24,135,479,80,139,24,0,27,67,51,88,2,0,0.29,0.372,0.509,0.881,MLB,NL West
2021,Justin Turner,3B,Los Angeles Dodgers,LAD,34.073611,-118.24,151,533,87,148,22,0,27,87,61,98,3,0,0.278,0.361,0.471,0.832,MLB,NL West
2022,Justin Turner,3B,Los Angeles Dodgers,LAD,34.073611,-118.24,128,468,61,130,36,0,13,81,50,89,3,0,0.278,0.35,0.438,0.788,MLB,NL West
2022,Ke'Bryan Hayes,3B,Pittsburgh Pirates,PIT,40.446944,-80.005833,136,505,55,123,24,3,7,41,48,122,20,5,0.244,0.314,0.345,0.659,MLB,NL Central
2020,Keston Hiura,2B,Milwaukee Brewers,MIL,43.028333,-87.971111,59,217,30,46,4,0,13,32,16,85,3,2,0.212,0.297,0.41,0.707,MLB,NL Central
2020,Ketel Marte,2B,Arizona Diamondbacks,AZ,33.445278,-112.066944,45,181,19,52,14,1,2,17,7,21,1,0,0.287,0.323,0.409,0.732,MLB,NL West
2019,Ketel Marte,CF,Arizona Diamondbacks,AZ,33.445278,-112.066944,144,569,97,187,36,9,32,92,53,86,10,2,0.329,0.389,0.592,0.981,MLB,NL West
2022,Ketel Marte,2B,Arizona Diamondbacks,AZ,33.445278,-112.066944,137,492,68,118,42,2,12,52,55,101,5,1,0.24,0.321,0.407,0.728,MLB,NL West
2021,Kevin Newman,SS,Pittsburgh Pirates,PIT,40.446944,-80.005833,148,517,50,117,22,3,5,39,27,41,6,1,0.226,0.265,0.309,0.574,MLB,NL Central
2019,Kevin Newman,SS,Pittsburgh Pirates,PIT,40.446944,-80.005833,130,493,61,152,20,6,12,64,28,62,16,8,0.308,0.353,0.446,0.799,MLB,NL Central
2019,Kevin Pillar,CF,San Francisco Giants,SF,37.778611,-122.389167,161,611,83,158,37,3,21,88,18,89,14,5,0.259,0.287,0.432,0.719,MLB,NL West
2020,Kevin Pillar,CF,Colorado Rockies,COL,39.756111,-104.994167,54,208,34,60,12,3,6,26,13,41,5,2,0.288,0.336,0.462,0.798,MLB,NL West
2019,Khris Davis,DH,Oakland Athletics,OAK,37.751667,-122.200556,133,481,61,106,11,0,23,73,47,146,0,0,0.22,0.293,0.387,0.68,MLB,AL West
2020,Kole Calhoun,RF,Arizona Diamondbacks,AZ,33.445278,-112.066944,54,190,35,43,9,0,16,40,28,50,1,1,0.226,0.338,0.526,0.864,MLB,NL West
2019,Kole Calhoun,RF,Los Angeles Angles,LAA,33.800278,-117.882778,152,552,92,128,29,1,33,74,70,162,4,1,0.232,0.325,0.467,0.792,MLB,AL West
2020,Kolten Wong,2B,St. Louis Cardinals,STL,38.6225,-90.193056,53,181,26,48,4,2,1,16,20,30,5,2,0.265,0.35,0.326,0.676,MLB,NL Central
2019,Kolten Wong,2B,St. Louis Cardinals,STL,38.6225,-90.193056,148,478,61,136,25,4,11,59,47,83,24,4,0.285,0.361,0.423,0.784,MLB,NL Central
2019,Kris Bryant,3B,Chicago Cubs,CHC,41.948056,-87.655556,147,543,108,153,35,1,31,77,74,145,4,0,0.282,0.382,0.521,0.903,MLB,NL Central
2021,Kris Bryant,3B,San Francisco Giants,SF,37.778611,-122.389167,144,513,86,136,32,2,25,73,62,135,10,2,0.265,0.353,0.481,0.834,MLB,NL West
2021,Kyle Farmer,SS,Cincinnati Reds,CIN,39.0975,-84.506667,147,483,60,127,22,2,16,63,22,97,2,3,0.263,0.316,0.416,0.732,MLB,NL Central
2022,Kyle Farmer,SS,Cincinnati Reds,CIN,39.0975,-84.506667,145,526,58,134,25,1,14,78,33,99,4,3,0.255,0.315,0.386,0.701,MLB,NL Central
2020,Kyle Lewis,CF,Seattle Mariners,SEA,47.591,-122.333,58,206,37,54,3,0,11,28,34,71,5,1,0.262,0.364,0.437,0.801,MLB,AL West
2019,Kyle Schwarber,LF,Chicago Cubs,CHC,41.948056,-87.655556,155,529,82,132,29,3,38,92,70,156,2,3,0.25,0.339,0.531,0.87,MLB,NL Central
2020,Kyle Schwarber,LF,Chicago Cubs,CHC,41.948056,-87.655556,59,191,30,36,6,0,11,24,30,66,1,0,0.188,0.308,0.393,0.701,MLB,NL Central
2020,Kyle Seager,3B,Seattle Mariners,SEA,47.591,-122.333,60,203,35,49,12,0,9,40,32,33,5,0,0.241,0.355,0.433,0.788,MLB,AL West
2021,Kyle Seager,3B,Seattle Mariners,SEA,47.591,-122.333,159,603,73,128,29,1,35,101,59,161,3,1,0.212,0.285,0.438,0.723,MLB,AL West
2021,Kyle Tucker,RF,Houston Astros,HOU,29.756944,-95.355556,140,506,83,149,37,3,30,92,53,90,14,2,0.294,0.359,0.557,0.916,MLB,AL West
2022,Kyle Tucker,RF,Houston Astros,HOU,29.756944,-95.355556,150,544,71,140,28,1,30,107,59,95,25,4,0.257,0.33,0.478,0.808,MLB,AL West
2020,Kyle Tucker,LF,Houston Astros,HOU,29.756944,-95.355556,58,209,33,56,12,6,9,42,18,46,8,1,0.268,0.325,0.512,0.837,MLB,AL West
2022,KyleK SchwarberSchwarber,LF,Philadelphia Phillies,PHI,39.905833,-75.166389,155,577,100,126,21,3,46,94,86,200,10,1,0.218,0.323,0.504,0.827,MLB,NL East
2022,Lane Thomas,LF,Washington Nationals,WSH,38.872778,-77.0075,146,498,62,120,26,2,17,52,41,132,8,4,0.241,0.301,0.404,0.705,MLB,NL East
2019,Leury García,CF,Chicago White Sox,CWS,41.83,-87.633889,140,577,93,161,27,3,8,40,21,139,15,5,0.279,0.31,0.378,0.688,MLB,AL Central
2019,Lorenzo Cain,CF,Milwaukee Brewers,MIL,43.028333,-87.971111,148,562,75,146,30,0,11,48,50,106,18,8,0.26,0.325,0.372,0.697,MLB,NL Central
2020,Lourdes Gurriel Jr,LF,Toronto Blue Jays,TOR,43.641389,-79.389167,57,208,28,64,14,0,11,33,14,48,3,1,0.308,0.348,0.534,0.882,MLB,AL East
2021,Lourdes Gurriel Jr.,LF,Toronto Blue Jays,TOR,43.641389,-79.389167,141,500,62,138,28,2,21,84,32,102,1,3,0.276,0.319,0.466,0.785,MLB,AL East
2022,Luis Arraez,1B,Minnesota Twins,MIN,44.981667,-93.278333,144,547,88,173,31,1,8,49,50,43,4,4,0.316,0.375,0.42,0.795,MLB,AL Central
2022,Luis Rengifo,2B,Los Angeles Angles,LAA,33.800278,-117.882778,127,489,45,129,22,4,17,52,17,79,6,2,0.264,0.294,0.429,0.723,MLB,AL West
2020,Luis Robert Jr.,CF,Chicago White Sox,CWS,41.83,-87.633889,56,202,33,47,8,0,11,31,20,73,9,2,0.233,0.302,0.436,0.738,MLB,AL Central
2021,Luis Urías,3B,Milwaukee Brewers,MIL,43.028333,-87.971111,150,490,77,122,25,1,23,75,63,116,5,1,0.249,0.345,0.445,0.79,MLB,NL Central
2019,Luke Voit,1B,New York Yankees,NYY,40.829167,-73.926389,118,429,72,113,21,1,21,62,71,142,0,0,0.263,0.378,0.464,0.842,MLB,AL East
2022,Luke Voit,DH,Washington Nationals,WSH,38.872778,-77.0075,135,500,55,113,22,0,22,69,55,179,1,1,0.226,0.308,0.402,0.71,MLB,NL East
2020,Luke Voit,1B,New York Yankees,NYY,40.829167,-73.926389,56,213,41,59,5,0,22,52,17,54,0,0,0.277,0.338,0.61,0.948,MLB,AL East
2022,MJ Melendez,C,Kansas City Royals,KC,39.051,-94.48,129,460,57,100,21,3,18,62,66,131,2,3,0.217,0.313,0.393,0.706,MLB,AL Central
2020,Maikel Franco,3B,Kansas City Royals,KC,39.051,-94.48,60,223,23,62,16,0,8,38,16,38,1,0,0.278,0.321,0.457,0.778,MLB,AL Central
2019,Mallex Smith,CF,Seattle Mariners,SEA,47.591,-122.333,134,510,70,116,19,9,6,37,42,141,46,9,0.227,0.3,0.335,0.635,MLB,AL West
2019,Manny Machado,3B,San Diego Padres,SD,32.7073,-117.1566,156,587,81,150,21,2,32,85,65,128,5,3,0.256,0.334,0.462,0.796,MLB,NL West
2022,Manny Machado,3B,San Diego Padres,SD,32.7073,-117.1566,150,578,100,172,37,1,32,102,63,133,9,1,0.298,0.366,0.531,0.897,MLB,NL West
2021,Manny Machado,3B,San Diego Padres,SD,32.7073,-117.1566,153,564,92,157,31,2,28,106,63,102,12,3,0.278,0.347,0.489,0.836,MLB,NL West
2020,Manny Machado,3B,San Diego Padres,SD,32.7073,-117.1566,60,224,44,68,12,1,16,47,26,37,6,3,0.304,0.37,0.58,0.95,MLB,NL West
2020,Marcell Ozuna,DH,Atlanta Braves,ATL,33.89,-84.468,60,228,38,77,14,0,18,56,38,60,0,0,0.338,0.431,0.636,1.067,MLB,NL East
2019,Marcell Ozuna,LF,St. Louis Cardinals,STL,38.6225,-90.193056,130,485,80,117,23,1,29,89,62,114,12,2,0.241,0.328,0.472,0.8,MLB,NL Central
2022,Marcell Ozuna,DH,Atlanta Braves,ATL,33.89,-84.468,124,470,56,106,19,0,23,56,31,122,2,1,0.226,0.274,0.413,0.687,MLB,NL East
2022,Marcus Semien,2B,Texas Rangers,TEX,32.747361,-97.084167,161,657,101,163,31,5,26,83,53,120,25,8,0.248,0.304,0.429,0.733,MLB,AL West
2021,Marcus Semien,2B,Toronto Blue Jays,TOR,43.641389,-79.389167,162,652,115,173,39,2,45,102,66,146,15,1,0.265,0.334,0.538,0.872,MLB,AL East
2020,Marcus Semien,SS,Oakland Athletics,OAK,37.751667,-122.200556,53,211,28,47,9,1,7,23,25,50,4,0,0.223,0.305,0.374,0.679,MLB,AL West
2019,Marcus Semien,SS,Oakland Athletics,OAK,37.751667,-122.200556,162,657,123,187,43,7,33,92,87,102,10,8,0.285,0.369,0.522,0.891,MLB,AL West
2021,Mark Canha,LF,Oakland Athletics,OAK,37.751667,-122.200556,141,519,93,120,22,4,17,61,77,128,12,2,0.231,0.358,0.387,0.745,MLB,AL West
2020,Mark Canha,DH,Oakland Athletics,OAK,37.751667,-122.200556,59,191,32,47,12,2,5,33,37,54,4,0,0.246,0.387,0.408,0.795,MLB,AL West
2022,Mark Canha,LF,New York Mets,NYM,40.756944,-73.845833,140,462,71,123,24,0,13,61,48,97,3,1,0.266,0.367,0.403,0.77,MLB,NL East
2020,Marwin Gonzalez,3B,Minnesota Twins,MIN,44.981667,-93.278333,53,175,15,37,4,0,5,22,17,41,0,0,0.211,0.286,0.32,0.606,MLB,AL Central
2021,Matt Chapman,3B,Oakland Athletics,OAK,37.751667,-122.200556,151,529,75,111,15,3,27,72,80,202,3,2,0.21,0.314,0.403,0.717,MLB,AL West
2022,Matt Chapman,3B,Toronto Blue Jays,TOR,43.641389,-79.389167,155,538,83,123,27,1,27,76,68,170,2,2,0.229,0.324,0.433,0.757,MLB,AL East
2019,Matt Chapman,3B,Oakland Athletics,OAK,37.751667,-122.200556,156,583,102,145,36,3,36,91,73,147,1,1,0.249,0.342,0.506,0.848,MLB,AL West
2020,Matt Olson,1B,Oakland Athletics,OAK,37.751667,-122.200556,60,210,28,41,4,1,14,42,34,77,1,0,0.195,0.31,0.424,0.734,MLB,AL West
2022,Matt Olson,1B,Atlanta Braves,ATL,33.89,-84.468,162,616,86,148,44,0,34,103,75,170,0,0,0.24,0.325,0.477,0.802,MLB,NL East
2019,Matt Olson,1B,Oakland Athletics,OAK,37.751667,-122.200556,127,483,73,129,26,0,36,91,51,138,0,0,0.267,0.351,0.545,0.896,MLB,AL West
2021,Matt Olson,1B,Oakland Athletics,OAK,37.751667,-122.200556,156,565,101,153,35,0,39,111,88,113,4,1,0.271,0.371,0.54,0.911,MLB,AL West
2020,Max Kepler,RF,Minnesota Twins,MIN,44.981667,-93.278333,48,171,27,39,9,0,9,23,22,36,3,0,0.228,0.321,0.439,0.76,MLB,AL Central
2019,Max Kepler,RF,Minnesota Twins,MIN,44.981667,-93.278333,134,524,98,132,32,0,36,90,60,99,1,5,0.252,0.336,0.519,0.855,MLB,AL Central
2021,Max Muncy,1B,Los Angeles Dodgers,LAD,34.073611,-118.24,144,497,95,124,26,2,36,94,83,120,2,1,0.249,0.368,0.527,0.895,MLB,NL West
2020,Max Muncy,1B,Los Angeles Dodgers,LAD,34.073611,-118.24,58,203,36,39,4,0,12,27,39,60,1,0,0.192,0.331,0.389,0.72,MLB,NL West
2022,Max Muncy,3B,Los Angeles Dodgers,LAD,34.073611,-118.24,136,464,69,91,22,1,21,69,90,141,2,0,0.196,0.329,0.384,0.713,MLB,NL West
2019,Max Muncy,2B,Los Angeles Dodgers,LAD,34.073611,-118.24,141,487,101,122,22,1,35,98,90,149,4,1,0.251,0.374,0.515,0.889,MLB,NL West
2021,Michael A. Taylor,CF,Kansas City Royals,KC,39.051,-94.48,142,483,58,118,16,1,12,54,33,144,14,7,0.244,0.297,0.356,0.653,MLB,AL Central
2020,Michael Brantley,DH,Houston Astros,HOU,29.756944,-95.355556,46,170,24,51,15,0,5,22,17,28,2,0,0.3,0.364,0.476,0.84,MLB,AL West
2019,Michael Brantley,LF,Houston Astros,HOU,29.756944,-95.355556,148,575,88,179,40,2,22,90,51,66,3,2,0.311,0.372,0.503,0.875,MLB,AL West
2021,Michael Brantley,LF,Houston Astros,HOU,29.756944,-95.355556,121,469,68,146,29,3,8,47,33,53,1,0,0.311,0.362,0.437,0.799,MLB,AL West
2020,Michael Conforto,RF,New York Mets,NYM,40.756944,-73.845833,54,202,40,65,12,0,9,31,24,57,3,3,0.322,0.412,0.515,0.927,MLB,NL East
2019,Michael Conforto,RF,New York Mets,NYM,40.756944,-73.845833,151,549,90,141,29,1,33,92,84,149,7,2,0.257,0.363,0.494,0.857,MLB,NL East
2020,Miguel Cabrera,DH,Detroit Tigers,DET,42.339167,-83.048611,57,204,28,51,4,0,10,35,24,51,1,0,0.25,0.329,0.417,0.746,MLB,AL Central
2019,Miguel Cabrera,DH,Detroit Tigers,DET,42.339167,-83.048611,136,493,41,139,21,0,12,59,48,108,0,0,0.282,0.346,0.398,0.744,MLB,AL Central
2021,Miguel Cabrera,DH,Detroit Tigers,DET,42.339167,-83.048611,130,472,48,121,16,0,15,75,40,118,0,0,0.256,0.316,0.386,0.702,MLB,AL Central
2021,Miguel Rojas,SS,Miami Marlins,MIA,25.778056,-80.219722,132,495,66,131,30,3,9,48,37,74,13,3,0.265,0.322,0.392,0.714,MLB,NL East
2022,Miguel Rojas,SS,Miami Marlins,MIA,25.778056,-80.219722,140,471,34,111,19,2,6,36,26,61,9,3,0.236,0.283,0.323,0.606,MLB,NL East
2019,Miguel Rojas,SS,Miami Marlins,MIA,25.778056,-80.219722,132,483,52,137,29,1,5,46,32,62,9,5,0.284,0.331,0.379,0.71,MLB,NL East
2021,Miguel Sanó,1B,Minnesota Twins,MIN,44.981667,-93.278333,135,470,68,105,24,0,30,75,59,183,2,1,0.223,0.312,0.466,0.778,MLB,AL Central
2020,Miguel Sanó,1B,Minnesota Twins,MIN,44.981667,-93.278333,53,186,31,38,12,0,13,25,18,90,0,0,0.204,0.278,0.478,0.756,MLB,AL Central
2019,Mike Moustakas,3B,Milwaukee Brewers,MIL,43.028333,-87.971111,143,523,80,133,30,1,35,87,53,98,3,0,0.254,0.329,0.516,0.845,MLB,NL Central
2020,Mike Trout,CF,Los Angeles Angles,LAA,33.800278,-117.882778,53,199,41,56,9,2,17,46,35,56,1,1,0.281,0.39,0.603,0.993,MLB,AL West
2019,Mike Trout,CF,Los Angeles Angles,LAA,33.800278,-117.882778,134,470,110,137,27,2,45,104,110,120,11,2,0.291,0.438,0.645,1.083,MLB,AL West
2022,Mike Yastrzemski,RF,San Francisco Giants,SF,37.778611,-122.389167,148,485,73,104,31,2,17,57,61,141,5,1,0.214,0.305,0.392,0.697,MLB,NL West
2020,Mike Yastrzemski,CF,San Francisco Giants,SF,37.778611,-122.389167,54,192,39,57,14,4,10,35,30,55,2,1,0.297,0.4,0.568,0.968,MLB,NL West
2021,Mike Yastrzemski,RF,San Francisco Giants,SF,37.778611,-122.389167,139,468,75,105,28,3,25,71,51,131,4,0,0.224,0.311,0.457,0.768,MLB,NL West
2021,Mitch Haniger,RF,Seattle Mariners,SEA,47.591,-122.333,157,620,110,157,23,2,39,100,54,169,1,0,0.253,0.318,0.485,0.803,MLB,AL West
2021,Mookie Betts,RF,Los Angeles Dodgers,LAD,34.073611,-118.24,122,466,93,123,29,3,23,58,68,86,10,5,0.264,0.367,0.487,0.854,MLB,NL West
2022,Mookie Betts,RF,Los Angeles Dodgers,LAD,34.073611,-118.24,142,572,117,154,40,3,35,82,55,104,12,2,0.269,0.34,0.533,0.873,MLB,NL West
2019,Mookie Betts,RF,Boston Red Sox,BOS,42.34625,-71.09775,150,597,135,176,40,5,29,80,97,101,16,3,0.295,0.391,0.524,0.915,MLB,AL East
2020,Mookie Betts,RF,Los Angeles Dodgers,LAD,34.073611,-118.24,55,219,47,64,9,1,16,39,24,38,10,2,0.292,0.366,0.562,0.928,MLB,NL West
2021,Myles Straw,CF,Cleveland Guadians,CLE,41.495833,-81.685278,158,564,86,153,29,1,4,48,67,121,30,6,0.271,0.349,0.348,0.697,MLB,AL Central
2022,Myles Straw,CF,Cleveland Guadians,CLE,41.495833,-81.685278,152,535,72,118,22,3,0,32,54,87,21,1,0.221,0.291,0.273,0.564,MLB,AL Central
2022,Nathaniel Lowe,1B,Texas Rangers,TEX,32.747361,-97.084167,157,593,74,179,26,3,27,76,48,147,2,2,0.302,0.358,0.492,0.85,MLB,AL West
2021,Nathaniel Lowe,1B,Texas Rangers,TEX,32.747361,-97.084167,157,557,75,147,24,3,18,72,80,162,8,0,0.264,0.357,0.415,0.772,MLB,AL West
2019,Nelson Cruz,DH,Minnesota Twins,MIN,44.981667,-93.278333,120,454,81,141,26,0,41,108,56,131,0,1,0.311,0.392,0.639,1.031,MLB,AL Central
2020,Nelson Cruz,DH,Minnesota Twins,MIN,44.981667,-93.278333,53,185,33,56,6,0,16,33,25,58,0,0,0.303,0.397,0.595,0.992,MLB,AL Central
2021,Nelson Cruz,DH,Tampa Bay Rays,TB,27.768333,-82.653333,140,513,79,136,21,1,32,86,51,126,3,0,0.265,0.334,0.497,0.831,MLB,AL East
2022,Nelson Cruz,DH,Washington Nationals,WSH,38.872778,-77.0075,124,448,50,105,16,0,10,64,49,119,4,0,0.234,0.313,0.337,0.65,MLB,NL East
2020,Nick Ahmed,SS,Arizona Diamondbacks,AZ,33.445278,-112.066944,57,199,29,53,10,1,5,29,18,46,4,0,0.266,0.327,0.402,0.729,MLB,NL West
2019,Nick Ahmed,SS,Arizona Diamondbacks,AZ,33.445278,-112.066944,158,556,79,141,33,6,19,82,52,113,8,2,0.254,0.316,0.437,0.753,MLB,NL West
2019,Nick Castellanos,RF,Chicago Cubs,CHC,41.948056,-87.655556,151,615,100,178,58,3,27,73,41,143,2,2,0.289,0.337,0.525,0.862,MLB,NL Central
2022,Nick Castellanos,RF,Philadelphia Phillies,PHI,39.905833,-75.166389,136,524,56,138,27,0,13,62,29,130,7,1,0.263,0.305,0.389,0.694,MLB,NL East
2020,Nick Castellanos,RF,Cincinnati Reds,CIN,39.0975,-84.506667,60,218,37,49,11,2,14,34,19,69,0,2,0.225,0.298,0.486,0.784,MLB,NL Central
2021,Nick Castellanos,RF,Cincinnati Reds,CIN,39.0975,-84.506667,138,531,95,164,38,1,34,100,41,121,3,1,0.309,0.362,0.576,0.938,MLB,NL Central
2020,Nick Solak,LF,Texas Rangers,TEX,32.747361,-97.084167,58,209,27,56,10,0,2,23,18,42,7,1,0.268,0.326,0.344,0.67,MLB,AL West
2021,Nick Solak,2B,Texas Rangers,TEX,32.747361,-97.084167,127,458,57,111,18,2,11,49,34,107,7,5,0.242,0.314,0.362,0.676,MLB,AL West
2021,Nicky Lopez,SS,Kansas City Royals,KC,39.051,-94.48,151,497,78,149,21,6,2,43,49,74,22,1,0.3,0.365,0.378,0.743,MLB,AL Central
2020,Nicky Lopez,2B,Kansas City Royals,KC,39.051,-94.48,56,169,15,34,8,0,1,13,18,41,0,5,0.201,0.286,0.266,0.552,MLB,AL Central
2022,Nico Hoerner,SS,Chicago Cubs,CHC,41.948056,-87.655556,135,481,60,135,22,5,10,55,28,57,20,2,0.281,0.327,0.41,0.737,MLB,NL Central
2019,Nolan Arenado,3B,Colorado Rockies,COL,39.756111,-104.994167,155,588,102,185,31,2,41,118,62,93,3,2,0.315,0.379,0.583,0.962,MLB,NL West
2022,Nolan Arenado,3B,St. Louis Cardinals,STL,38.6225,-90.193056,148,557,73,163,42,1,30,103,52,72,5,3,0.293,0.358,0.533,0.891,MLB,NL Central
2020,Nolan Arenado,3B,Colorado Rockies,COL,39.756111,-104.994167,48,182,23,46,9,0,8,26,15,20,0,0,0.253,0.303,0.434,0.737,MLB,NL West
2021,Nolan Arenadr,3B,St. Louis Cardinals,STL,38.6225,-90.193056,157,593,81,151,34,3,34,105,50,96,2,0,0.255,0.312,0.494,0.806,MLB,NL Central
2019,Orlando Arcia,SS,Milwaukee Brewers,MIL,43.028333,-87.971111,152,494,51,110,16,1,15,59,43,109,8,5,0.223,0.283,0.35,0.633,MLB,NL Central
2020,Orlando Arcia,SS,Milwaukee Brewers,MIL,43.028333,-87.971111,59,173,22,45,10,1,5,20,14,32,2,0,0.26,0.317,0.416,0.733,MLB,NL Central
2021,Ozzie Albies,2B,Atlanta Braves,ATL,33.89,-84.468,156,629,103,163,40,7,30,106,47,128,20,4,0.259,0.31,0.488,0.798,MLB,NL East
2019,Ozzie Albies,2B,Atlanta Braves,ATL,33.89,-84.468,160,640,102,189,43,8,24,86,54,112,15,4,0.295,0.352,0.5,0.852,MLB,NL East
2022,Patrick Wisdom,3B,Chicago Cubs,CHC,41.948056,-87.655556,134,469,67,97,28,0,25,66,53,183,8,4,0.207,0.298,0.426,0.724,MLB,NL Central
2019,Paul DeJong,SS,St. Louis Cardinals,STL,38.6225,-90.193056,159,583,97,136,31,1,30,78,62,149,9,5,0.233,0.318,0.444,0.762,MLB,NL Central
2021,Paul Goldschmidt,1B,St. Louis Cardinals,STL,38.6225,-90.193056,158,603,102,177,36,2,31,99,67,136,12,0,0.294,0.365,0.514,0.879,MLB,NL Central
2022,Paul Goldschmidt,1B,St. Louis Cardinals,STL,38.6225,-90.193056,151,561,106,178,41,0,35,115,79,141,7,0,0.317,0.404,0.578,0.982,MLB,NL Central
2019,Paul Goldschmidt,1B,St. Louis Cardinals,STL,38.6225,-90.193056,161,597,97,155,25,1,34,97,78,166,3,1,0.26,0.346,0.476,0.822,MLB,NL Central
2020,Paul Goldschmidt,1B,St. Louis Cardinals,STL,38.6225,-90.193056,58,191,31,58,13,0,6,21,37,43,1,0,0.304,0.417,0.466,0.883,MLB,NL Central
2021,Pavin Smith,1B,Arizona Diamondbacks,AZ,33.445278,-112.066944,145,498,68,133,27,4,11,49,42,106,1,0,0.267,0.328,0.404,0.732,MLB,NL West
2021,Pete Alonso,1B,New York Mets,NYM,40.756944,-73.845833,152,561,81,147,27,3,37,94,60,127,3,0,0.262,0.344,0.519,0.863,MLB,NL East
2022,Pete Alonso,1B,New York Mets,NYM,40.756944,-73.845833,160,597,95,162,27,0,40,131,67,128,5,1,0.271,0.352,0.518,0.87,MLB,NL East
2019,Pete Alonso,1B,New York Mets,NYM,40.756944,-73.845833,161,597,103,155,30,2,53,120,72,183,1,0,0.26,0.358,0.583,0.941,MLB,NL East
2020,Pete Alonso,1B,New York Mets,NYM,40.756944,-73.845833,57,208,31,48,6,0,16,35,24,61,1,0,0.231,0.326,0.49,0.816,MLB,NL East
2020,Rafael Devers,3B,Boston Red Sox,BOS,42.34625,-71.09775,57,232,32,61,16,1,11,43,13,67,0,0,0.263,0.31,0.483,0.793,MLB,AL East
2019,Rafael Devers,3B,Boston Red Sox,BOS,42.34625,-71.09775,156,647,129,201,54,4,32,115,48,119,8,8,0.311,0.361,0.555,0.916,MLB,AL East
2022,Rafael Devers,3B,Boston Red Sox,BOS,42.34625,-71.09775,141,555,84,164,42,1,27,88,50,114,3,1,0.295,0.358,0.521,0.879,MLB,AL East
2021,Rafael Devers,3B,Boston Red Sox,BOS,42.34625,-71.09775,156,591,101,165,37,1,38,113,62,143,5,5,0.279,0.352,0.538,0.89,MLB,AL East
2020,Raimel Tapia,LF,Colorado Rockies,COL,39.756111,-104.994167,51,184,26,59,8,2,1,17,14,38,8,2,0.321,0.369,0.402,0.771,MLB,NL West
2021,Raimel Tapia,LF,Colorado Rockies,COL,39.756111,-104.994167,133,487,69,133,26,2,6,50,40,70,20,6,0.273,0.327,0.372,0.699,MLB,NL West
2020,Ramon Laureano,CF,Oakland Athletics,OAK,37.751667,-122.200556,54,183,27,39,8,1,6,25,24,58,2,1,0.213,0.338,0.366,0.704,MLB,AL West
2019,Randal Grichuk,RF,Toronto Blue Jays,TOR,43.641389,-79.389167,151,586,75,136,29,5,31,80,35,163,2,1,0.232,0.28,0.457,0.737,MLB,AL East
2020,Randal Grichuk,CF,Toronto Blue Jays,TOR,43.641389,-79.389167,55,216,38,59,9,0,12,35,13,49,1,1,0.273,0.312,0.481,0.793,MLB,AL East
2022,Randal Grichuk,RF,Colorado Rockies,COL,39.756111,-104.994167,141,506,60,131,21,3,19,73,24,127,4,0,0.259,0.299,0.425,0.724,MLB,NL West
2021,Randal Grichuk,CF,Toronto Blue Jays,TOR,43.641389,-79.389167,149,511,59,123,25,1,22,81,27,114,0,3,0.241,0.281,0.423,0.704,MLB,AL East
2021,Randy Arozarena,LF,Tampa Bay Rays,TB,27.768333,-82.653333,141,529,94,145,32,3,20,69,56,170,20,10,0.274,0.356,0.459,0.815,MLB,AL East
2022,Randy Arozarena,LF,Tampa Bay Rays,TB,27.768333,-82.653333,153,586,72,154,41,3,20,89,46,156,32,12,0.263,0.327,0.445,0.772,MLB,AL East
2020,Renato Núñez,1B,Baltimore Orioles,BAL,39.283889,-76.621667,52,195,29,50,10,0,12,31,17,64,0,0,0.256,0.324,0.492,0.816,MLB,AL East
2019,Renato Núñez,DH,Baltimore Orioles,BAL,39.283889,-76.621667,151,541,72,132,24,0,31,90,44,143,1,1,0.244,0.311,0.46,0.771,MLB,AL East
2022,Rhys Hoskins,1B,Philadelphia Phillies,PHI,39.905833,-75.166389,156,589,81,145,33,2,30,79,72,169,2,1,0.246,0.332,0.462,0.794,MLB,NL East
2019,Rhys Hoskins,1B,Philadelphia Phillies,PHI,39.905833,-75.166389,160,570,86,129,33,5,29,85,116,173,2,2,0.226,0.364,0.454,0.818,MLB,NL East
2020,Rio Ruiz,3B,Baltimore Orioles,BAL,39.283889,-76.621667,54,185,25,41,11,0,9,32,17,46,1,2,0.222,0.286,0.427,0.713,MLB,AL East
2021,Robbie Grossman,LF,Detroit Tigers,DET,42.339167,-83.048611,156,557,88,133,23,3,23,67,98,155,20,5,0.239,0.357,0.415,0.772,MLB,AL Central
2020,Robbie Grossman,LF,Oakland Athletics,OAK,37.751667,-122.200556,51,166,23,40,12,2,8,23,21,38,8,1,0.241,0.344,0.482,0.826,MLB,AL West
2022,Ronald Acuña,RF,Atlanta Braves,ATL,33.89,-84.468,119,467,71,124,24,0,15,50,53,126,29,11,0.266,0.351,0.413,0.764,MLB,NL East
2020,Ronald Acuña,CF,Atlanta Braves,ATL,33.89,-84.468,46,160,46,40,11,0,14,29,38,60,8,1,0.25,0.406,0.581,0.987,MLB,NL East
2019,Ronald Acuña,CF,Atlanta Braves,ATL,33.89,-84.468,156,626,127,175,22,2,41,101,76,188,37,9,0.28,0.365,0.518,0.883,MLB,NL East
2019,Rougned Odor,2B,Texas Rangers,TEX,32.747361,-97.084167,145,522,77,107,30,1,30,93,52,178,11,9,0.205,0.283,0.439,0.722,MLB,AL West
2022,Rowdy Tellez,1B,Milwaukee Brewers,MIL,43.028333,-87.971111,153,529,67,116,23,0,35,89,62,121,2,1,0.219,0.306,0.461,0.767,MLB,NL Central
2019,Ryan Braun,LF,Milwaukee Brewers,MIL,43.028333,-87.971111,144,459,70,131,31,2,22,75,34,105,11,1,0.285,0.343,0.505,0.848,MLB,NL Central
2020,Ryan McMahon,2B,Colorado Rockies,COL,39.756111,-104.994167,52,172,23,37,6,1,9,26,18,66,0,1,0.215,0.295,0.419,0.714,MLB,NL West
2022,Ryan McMahon,3B,Colorado Rockies,COL,39.756111,-104.994167,153,529,67,130,23,3,20,67,60,158,7,3,0.246,0.327,0.414,0.741,MLB,NL West
2021,Ryan McMahon,3B,Colorado Rockies,COL,39.756111,-104.994167,151,528,80,134,32,1,23,86,59,147,6,2,0.254,0.331,0.449,0.78,MLB,NL West
2019,Ryan McMahon,2B,Colorado Rockies,COL,39.756111,-104.994167,141,480,70,120,22,1,24,83,56,160,5,1,0.25,0.329,0.45,0.779,MLB,NL West
2022,Ryan Mountcastle,1B,Baltimore Orioles,BAL,39.283889,-76.621667,145,555,62,139,28,1,22,85,43,154,4,1,0.25,0.305,0.423,0.728,MLB,AL East
2021,Ryan Mountcastle,1B,Baltimore Orioles,BAL,39.283889,-76.621667,144,534,77,136,23,1,33,89,41,161,4,3,0.255,0.309,0.487,0.796,MLB,AL East
2021,Salvador Perez,C,Kansas City Royals,KC,39.051,-94.48,161,620,88,169,24,0,48,121,28,170,1,0,0.273,0.316,0.544,0.86,MLB,AL Central
2022,Sean Murphy,CF,Oakland Athletics,OAK,37.751667,-122.200556,148,537,67,134,37,2,18,66,56,124,1,0,0.25,0.332,0.426,0.758,MLB,AL West
2022,Seth Brown,1B,Oakland Athletics,OAK,37.751667,-122.200556,150,500,55,115,26,3,25,73,51,146,11,2,0.23,0.305,0.444,0.749,MLB,AL West
2019,Shin-Soo Choo,DH,Texas Rangers,TEX,32.747361,-97.084167,151,563,93,149,31,2,24,61,78,165,15,1,0.265,0.371,0.455,0.826,MLB,AL West
2022,Shohei Ohtani,DH,Los Angeles Angles,LAA,33.800278,-117.882778,157,586,90,160,30,6,34,95,72,161,11,9,0.273,0.356,0.519,0.875,MLB,AL West
2021,Shohei Ohtani,DH,Los Angeles Angles,LAA,33.800278,-117.882778,158,537,103,138,26,8,46,100,96,189,26,10,0.257,0.372,0.592,0.964,MLB,AL West
2019,Starlin Castro,2B,Miami Marlins,MIA,25.778056,-80.219722,162,636,68,172,31,4,22,86,28,111,2,2,0.27,0.3,0.436,0.736,MLB,NL East
2021,Starling Marte,CF,Oakland Athletics,OAK,37.751667,-122.200556,120,467,89,145,27,3,12,55,43,99,47,5,0.31,0.383,0.458,0.841,MLB,AL West
2022,Starling Marte,RF,New York Mets,NYM,40.756944,-73.845833,118,466,76,136,24,5,16,63,26,97,18,9,0.292,0.347,0.468,0.815,MLB,NL East
2019,Starling Marte,CF,Pittsburgh Pirates,PIT,40.446944,-80.005833,132,539,97,159,31,6,23,82,25,94,25,6,0.295,0.342,0.503,0.845,MLB,NL Central
2020,Starling Marte,CF,Miami Marlins,MIA,25.778056,-80.219722,61,228,36,64,14,1,6,27,12,41,10,2,0.281,0.34,0.43,0.77,MLB,NL East
2022,Steven Kwan,LF,Cleveland Guadians,CLE,41.495833,-81.685278,147,563,89,168,25,7,6,52,62,60,19,5,0.298,0.373,0.4,0.773,MLB,AL Central
2022,Taylor Ward,RF,Los Angeles Angles,LAA,33.800278,-117.882778,135,495,73,139,22,2,23,65,60,120,5,3,0.281,0.36,0.473,0.833,MLB,AL West
2020,Teoscar Hernández,RF,Toronto Blue Jays,TOR,43.641389,-79.389167,50,190,33,55,7,0,16,34,14,63,6,1,0.289,0.34,0.579,0.919,MLB,AL East
2022,Teoscar Hernández,RF,Toronto Blue Jays,TOR,43.641389,-79.389167,131,499,71,133,35,1,25,77,34,152,6,3,0.267,0.316,0.491,0.807,MLB,AL East
2021,Teoscar Hernández,RF,Toronto Blue Jays,TOR,43.641389,-79.389167,143,550,92,163,29,0,32,116,36,148,12,4,0.296,0.346,0.524,0.87,MLB,AL East
2022,Thairo Estrada,2B,San Francisco Giants,SF,37.778611,-122.389167,140,488,71,127,22,2,14,62,33,89,21,6,0.26,0.322,0.4,0.722,MLB,NL West
2019,Tim Anderson,SS,Chicago White Sox,CWS,41.83,-87.633889,123,498,81,167,32,0,18,56,15,109,17,5,0.335,0.357,0.508,0.865,MLB,AL Central
2020,Tim Anderson,SS,Chicago White Sox,CWS,41.83,-87.633889,49,208,45,67,11,1,10,21,10,50,5,2,0.322,0.357,0.529,0.886,MLB,AL Central
2021,Tim Anderson,SS,Chicago White Sox,CWS,41.83,-87.633889,123,527,94,163,29,2,17,61,22,119,18,7,0.309,0.338,0.469,0.807,MLB,AL Central
2022,Tommy Edman,2B,St. Louis Cardinals,STL,38.6225,-90.193056,153,577,95,153,31,4,13,57,46,111,32,3,0.265,0.324,0.4,0.724,MLB,NL Central
2020,Tommy Edman,3B,St. Louis Cardinals,STL,38.6225,-90.193056,55,204,29,51,7,1,5,26,16,48,2,4,0.25,0.317,0.368,0.685,MLB,NL Central
2021,Tommy Edman,2B,St. Louis Cardinals,STL,38.6225,-90.193056,159,641,91,168,41,3,11,56,38,95,30,5,0.262,0.308,0.387,0.695,MLB,NL Central
2020,Tommy La Stella ,2B,Oakland Athletics,OAK,37.751667,-122.200556,55,196,31,55,14,2,5,25,27,12,1,0,0.281,0.37,0.449,0.819,MLB,AL West
2019,Tommy Pham,LF,Tampa Bay Rays,TB,27.768333,-82.653333,145,567,77,155,33,2,21,68,81,123,25,4,0.273,0.369,0.45,0.819,MLB,AL East
2021,Tommy Pham,LF,San Diego Padres,SD,32.7073,-117.1566,155,475,74,109,24,2,15,49,78,128,14,6,0.229,0.34,0.383,0.723,MLB,NL West
2022,Tommy Pham,LF,Boston Red Sox,BOS,42.34625,-71.09775,144,554,89,131,23,1,17,63,56,167,8,3,0.236,0.312,0.374,0.686,MLB,AL East
2022,Tony Kemp,2B,Oakland Athletics,OAK,37.751667,-122.200556,147,497,61,117,24,2,7,46,45,69,11,1,0.235,0.307,0.334,0.641,MLB,AL West
2022,Trea Turner,SS,Los Angeles Dodgers,LAD,34.073611,-118.24,160,652,101,194,39,4,21,100,45,131,27,3,0.298,0.343,0.466,0.809,MLB,NL West
2019,Trea Turner,SS,Washington Nationals,WSH,38.872778,-77.0075,122,521,96,155,37,5,19,57,43,113,35,5,0.298,0.353,0.497,0.85,MLB,NL East
2020,Trea Turner,SS,Washington Nationals,WSH,38.872778,-77.0075,59,233,46,78,15,4,12,41,22,36,12,4,0.335,0.394,0.588,0.982,MLB,NL East
2021,Trea Turner,2B,Los Angeles Dodgers,LAD,34.073611,-118.24,148,595,107,195,34,3,28,77,41,110,32,5,0.328,0.375,0.536,0.911,MLB,NL West
2020,Trent Grisham,CF,San Diego Padres,SD,32.7073,-117.1566,59,215,42,54,8,3,10,26,31,64,10,1,0.251,0.352,0.456,0.808,MLB,NL West
2021,Trent Grisham,CF,San Diego Padres,SD,32.7073,-117.1566,132,462,61,112,28,3,15,62,54,119,13,5,0.242,0.327,0.413,0.74,MLB,NL West
2022,Trent Grisham,CF,San Diego Padres,SD,32.7073,-117.1566,152,451,58,83,16,2,17,53,57,150,7,1,0.184,0.284,0.341,0.625,MLB,NL West
2019,Trevor Story,SS,Colorado Rockies,COL,39.756111,-104.994167,145,588,111,173,38,5,35,85,58,174,23,8,0.294,0.363,0.554,0.917,MLB,NL West
2021,Trevor Story,SS,Colorado Rockies,COL,39.756111,-104.994167,142,526,88,132,34,5,24,75,53,139,20,6,0.251,0.329,0.471,0.8,MLB,NL West
2020,Trevor Story,SS,Colorado Rockies,COL,39.756111,-104.994167,59,235,41,68,13,4,11,28,24,63,15,3,0.289,0.355,0.519,0.874,MLB,NL West
2019,Trey Mancini,RF,Baltimore Orioles,BAL,39.283889,-76.621667,154,602,106,175,38,2,35,97,63,143,1,0,0.291,0.364,0.535,0.899,MLB,AL East
2021,Trey Mancini,1B,Baltimore Orioles,BAL,39.283889,-76.621667,147,556,77,142,33,1,21,71,51,143,0,0,0.255,0.326,0.432,0.758,MLB,AL East
2022,Trey Mancini,DH,Houston Astros,HOU,29.756944,-95.355556,143,519,56,124,23,1,18,63,53,135,0,0,0.239,0.319,0.391,0.71,MLB,AL West
2022,Ty France,1B,Seattle Mariners,SEA,47.591,-122.333,140,551,65,151,27,1,20,83,35,94,0,0,0.274,0.338,0.436,0.774,MLB,AL West
2021,Ty France,1B,Seattle Mariners,SEA,47.591,-122.333,152,571,85,166,32,1,18,73,46,106,0,0,0.291,0.368,0.445,0.813,MLB,AL West
2021,Tyler O'Neill,LF,St. Louis Cardinals,STL,38.6225,-90.193056,138,482,89,138,26,2,34,80,38,168,15,4,0.286,0.352,0.56,0.912,MLB,NL Central
2020,Victor Reyes,CF,Detroit Tigers,DET,42.339167,-83.048611,57,202,30,56,7,2,4,14,9,45,8,2,0.277,0.315,0.391,0.706,MLB,AL Central
2020,Victor Robles,CF,Washington Nationals,WSH,38.872778,-77.0075,52,168,20,37,5,1,3,15,9,53,4,1,0.22,0.293,0.315,0.608,MLB,NL East
2019,Victor Robles,CF,Washington Nationals,WSH,38.872778,-77.0075,155,546,86,139,33,3,17,65,35,140,28,9,0.255,0.326,0.419,0.745,MLB,NL East
2019,Vladimir Guerrero ,3B,Toronto Blue Jays,TOR,43.641389,-79.389167,123,464,52,126,26,2,15,69,46,91,0,1,0.272,0.339,0.433,0.772,MLB,AL East
2020,Vladimir Guerrero ,1B,Toronto Blue Jays,TOR,43.641389,-79.389167,60,221,34,58,13,2,9,33,20,38,1,0,0.262,0.329,0.462,0.791,MLB,AL East
2022,Vladimir Guerrero Jr.,1B,Toronto Blue Jays,TOR,43.641389,-79.389167,160,638,90,175,35,0,32,97,58,116,8,3,0.274,0.339,0.48,0.819,MLB,AL East
2021,Vladimir Guerrero Jr.,1B,Toronto Blue Jays,TOR,43.641389,-79.389167,161,604,123,188,29,1,48,111,86,110,4,1,0.311,0.401,0.601,1.002,MLB,AL East
2020,Whit Merrifield,RF,Kansas City Royals,KC,39.051,-94.48,60,248,38,70,12,0,9,30,12,33,12,3,0.282,0.325,0.44,0.765,MLB,AL Central
2019,Whit Merrifield,2B,Kansas City Royals,KC,39.051,-94.48,162,681,105,206,41,10,16,74,45,126,20,10,0.302,0.348,0.463,0.811,MLB,AL Central
2022,Whit Merrifield,2B,Toronto Blue Jays,TOR,43.641389,-79.389167,139,504,70,126,28,1,11,58,38,85,16,5,0.25,0.298,0.375,0.673,MLB,AL East
2021,Whit Merrifield,2B,Kansas City Royals,KC,39.051,-94.48,162,664,97,184,42,3,10,74,40,103,40,4,0.277,0.317,0.395,0.712,MLB,AL Central
2020,Wil Myers,RF,San Diego Padres,SD,32.7073,-117.1566,55,198,34,57,14,2,15,40,18,56,2,1,0.288,0.353,0.606,0.959,MLB,NL West
2022,Will Smith,CF,Los Angeles Dodgers,LAD,34.073611,-118.24,137,508,68,132,26,3,24,87,56,96,1,0,0.26,0.343,0.465,0.808,MLB,NL West
2020,Willson Contreras,C,Chicago Cubs,CHC,41.948056,-87.655556,57,189,37,46,10,0,7,26,20,57,1,2,0.243,0.356,0.407,0.763,MLB,NL Central
2020,Willy Adames,SS,Tampa Bay Rays,TB,27.768333,-82.653333,54,185,29,48,15,1,8,23,20,74,2,1,0.259,0.332,0.481,0.813,MLB,AL East
2019,Willy Adames,SS,Tampa Bay Rays,TB,27.768333,-82.653333,152,531,69,135,25,1,20,52,46,153,4,2,0.254,0.317,0.418,0.735,MLB,AL East
2021,Willy Adames,SS,Milwaukee Brewers,MIL,43.028333,-87.971111,140,497,77,130,32,1,25,73,57,156,5,4,0.262,0.337,0.481,0.818,MLB,NL Central
2022,Willy Adames,SS,Milwaukee Brewers,MIL,43.028333,-87.971111,139,563,83,134,31,0,31,98,49,166,8,3,0.238,0.298,0.458,0.756,MLB,NL Central
2022,Wilmer Flores,2B,San Francisco Giants,SF,37.778611,-122.389167,151,525,72,120,28,1,19,71,59,103,0,0,0.229,0.316,0.394,0.71,MLB,NL West
2020,Wilmer Flores,DH,San Francisco Giants,SF,37.778611,-122.389167,55,198,30,53,11,1,12,32,13,36,1,0,0.268,0.315,0.515,0.83,MLB,NL West
2019,Wilson Ramos,C,New York Mets,NYM,40.756944,-73.845833,141,473,52,136,19,0,14,73,44,69,1,0,0.288,0.351,0.416,0.767,MLB,NL East
2020,Xander Bogaerts,SS,Boston Red Sox,BOS,42.34625,-71.09775,56,203,36,61,8,0,11,28,21,41,8,0,0.3,0.364,0.502,0.866,MLB,AL East
2019,Xander Bogaerts,SS,Boston Red Sox,BOS,42.34625,-71.09775,155,614,110,190,52,0,33,117,76,122,4,2,0.309,0.384,0.555,0.939,MLB,AL East
2021,Xander Bogaerts,SS,Boston Red Sox,BOS,42.34625,-71.09775,144,529,90,156,34,1,23,79,62,113,5,1,0.295,0.37,0.493,0.863,MLB,AL East
2022,Xander Bogaerts,SS,Boston Red Sox,BOS,42.34625,-71.09775,150,557,84,171,38,0,15,73,57,118,8,2,0.307,0.377,0.456,0.833,MLB,AL East
2021,Yandy Díaz,1B,Tampa Bay Rays,TB,27.768333,-82.653333,134,465,62,119,20,1,13,64,69,85,1,1,0.256,0.353,0.387,0.74,MLB,AL East
2022,YandyY DíazDiaz,3B,Tampa Bay Rays,TB,27.768333,-82.653333,137,473,71,140,33,0,9,57,78,60,3,3,0.296,0.401,0.423,0.824,MLB,AL East
2019,Yasiel Puig,RF,Cleveland Guadians,CLE,41.495833,-81.685278,149,555,76,148,30,2,24,84,44,133,19,7,0.267,0.327,0.458,0.785,MLB,AL Central
2020,Yasmani Grandal,C,Chicago White Sox,CWS,41.83,-87.633889,46,161,27,37,7,0,8,27,30,58,0,0,0.23,0.351,0.422,0.773,MLB,AL Central
2019,Yasmani Grandal,C,Milwaukee Brewers,MIL,43.028333,-87.971111,153,513,79,126,26,2,28,77,109,139,5,1,0.246,0.38,0.468,0.848,MLB,NL Central
2021,Yoan Moncada,3B,Chicago White Sox,CWS,41.83,-87.633889,144,520,74,137,33,1,14,61,84,157,3,2,0.263,0.375,0.412,0.787,MLB,AL Central
2019,Yoan Moncada,3B,Chicago White Sox,CWS,41.83,-87.633889,132,511,83,161,34,5,25,79,40,154,10,3,0.315,0.367,0.548,0.915,MLB,AL Central
2020,Yoan Moncada,3B,Chicago White Sox,CWS,41.83,-87.633889,52,200,28,45,8,3,6,24,28,72,0,0,0.225,0.32,0.385,0.705,MLB,AL Central
2019,Yolmer Sánchez,2B,Chicago White Sox,CWS,41.83,-87.633889,149,496,59,125,20,4,2,43,44,117,5,4,0.252,0.318,0.321,0.639,MLB,AL Central
2022,Yordan Alvarez,DH,Houston Astros,HOU,29.756944,-95.355556,135,470,95,144,29,2,37,97,78,106,1,1,0.306,0.406,0.613,1.019,MLB,AL West
2021,Yordan Alvarez,DH,Houston Astros,HOU,29.756944,-95.355556,144,537,92,149,35,1,33,104,50,145,1,0,0.277,0.346,0.531,0.877,MLB,AL West
2022,Yuli GurrieG,1B,Houston Astros,HOU,29.756944,-95.355556,146,545,53,132,40,0,8,53,30,73,8,0,0.242,0.288,0.36,0.648,MLB,AL West
2019,Yuli Gurriel,1B,Houston Astros,HOU,29.756944,-95.355556,144,564,85,168,40,2,31,104,37,65,5,3,0.298,0.343,0.541,0.884,MLB,AL West
2021,Yuli Gurriel,1B,Houston Astros,HOU,29.756944,-95.355556,143,530,83,169,31,0,15,81,59,68,1,1,0.319,0.383,0.462,0.845,MLB,AL West
2020,Yuli Gurriel,1B,Houston Astros,HOU,29.756944,-95.355556,57,211,27,49,12,1,6,22,12,27,0,1,0.232,0.274,0.384,0.658,MLB,AL West
